connection,member,datum,origin_x_mm,origin_y_mm,origin_z_mm,along_y,along_z,cross_y,cross_z,along_from_corner_mm,signed_cross_from_corner_mm,hole_diameter_mm,instruction
lumber_leg_bolt_left_1,base_side_left,Minimum-X side face; lowest along-grain physical profile corner,-1219.2,-182.70000000000005,277.0,0.6427876096865427,0.7660444431189752,0.7660444431189752,-0.6427876096865427,1966.981794134469,52.804516158157526,14.2875,Axis normal to side face; use profile to identify corner and positive directions. Conditional package dimensions; follow the stated installation assumptions.
lumber_leg_bolt_left_1,lumber_leg_left,Minimum-X side face; lowest along-grain physical profile corner,-1308.1000000000001,1639.9464830416932,0.0,-0.23915183196324324,0.9709821838059775,0.9709821838059772,0.2391518319632432,1822.9198857580088,-84.33699637646237,14.2875,Axis normal to side face; use profile to identify corner and positive directions. Conditional package dimensions; follow the stated installation assumptions.
lumber_leg_bolt_left_2,base_side_left,Minimum-X side face; lowest along-grain physical profile corner,-1219.2,-182.70000000000005,277.0,0.6427876096865427,0.7660444431189752,0.7660444431189752,-0.6427876096865427,2024.0476135358717,23.83052340523318,14.2875,Axis normal to side face; use profile to identify corner and positive directions. Conditional package dimensions; follow the stated installation assumptions.
lumber_leg_bolt_left_2,lumber_leg_left,Minimum-X side face; lowest along-grain physical profile corner,-1308.1000000000001,1639.9464830416932,0.0,-0.23915183196324324,0.9709821838059775,0.9709821838059772,0.2391518319632432,1879.9857051594115,-55.36300362353768,14.2875,Axis normal to side face; use profile to identify corner and positive directions. Conditional package dimensions; follow the stated installation assumptions.
lumber_leg_bolt_right_1,base_side_right,Minimum-X side face; lowest along-grain physical profile corner,1130.3000000000002,-182.70000000000005,277.0,0.6427876096865427,0.7660444431189752,0.7660444431189752,-0.6427876096865427,1966.981794134469,52.804516158157526,14.2875,Axis normal to side face; use profile to identify corner and positive directions. Conditional package dimensions; follow the stated installation assumptions.
lumber_leg_bolt_right_1,lumber_leg_right,Minimum-X side face; lowest along-grain physical profile corner,1219.2,1639.9464830416932,0.0,-0.23915183196324324,0.9709821838059775,0.9709821838059772,0.2391518319632432,1822.9198857580088,-84.33699637646237,14.2875,Axis normal to side face; use profile to identify corner and positive directions. Conditional package dimensions; follow the stated installation assumptions.
lumber_leg_bolt_right_2,base_side_right,Minimum-X side face; lowest along-grain physical profile corner,1130.3000000000002,-182.70000000000005,277.0,0.6427876096865427,0.7660444431189752,0.7660444431189752,-0.6427876096865427,2024.0476135358717,23.83052340523318,14.2875,Axis normal to side face; use profile to identify corner and positive directions. Conditional package dimensions; follow the stated installation assumptions.
lumber_leg_bolt_right_2,lumber_leg_right,Minimum-X side face; lowest along-grain physical profile corner,1219.2,1639.9464830416932,0.0,-0.23915183196324324,0.9709821838059775,0.9709821838059772,0.2391518319632432,1879.9857051594115,-55.36300362353768,14.2875,Axis normal to side face; use profile to identify corner and positive directions. Conditional package dimensions; follow the stated installation assumptions.
knee_bolt_left_rim_1,base_side_left,Minimum-X side face; lowest along-grain physical profile corner,-1219.2,-182.70000000000005,277.0,0.6427876096865427,0.7660444431189752,0.7660444431189752,-0.6427876096865427,1480.8671193153732,38.31751978168893,11.1125,Axis normal to side face; use profile to identify corner and positive directions. Conditional package dimensions; follow the stated installation assumptions.
knee_bolt_left_rim_1,base_knee_left_rim,Minimum-X side face; lowest along-grain physical profile corner,-1308.1000000000001,766.099451121687,1526.8698205062055,0.8117811605452602,-0.5839617687689757,-0.5839617687689757,-0.8117811605452602,108.13844490459863,94.7805959139926,11.1125,Axis normal to side face; use profile to identify corner and positive directions. Conditional package dimensions; follow the stated installation assumptions.
knee_bolt_left_rim_2,base_side_left,Minimum-X side face; lowest along-grain physical profile corner,-1219.2,-182.70000000000005,277.0,0.6427876096865427,0.7660444431189752,0.7660444431189752,-0.6427876096865427,1530.8671193153732,38.31751978168904,11.1125,Axis normal to side face; use profile to identify corner and positive directions. Conditional package dimensions; follow the stated installation assumptions.
knee_bolt_left_rim_2,base_knee_left_rim,Minimum-X side face; lowest along-grain physical profile corner,-1308.1000000000001,766.099451121687,1526.8698205062055,0.8117811605452602,-0.5839617687689757,-0.5839617687689757,-0.8117811605452602,111.86155509540143,44.9194040860075,11.1125,Axis normal to side face; use profile to identify corner and positive directions. Conditional package dimensions; follow the stated installation assumptions.
knee_bolt_left_leg_1,lumber_leg_left,Minimum-X side face; lowest along-grain physical profile corner,-1308.1000000000001,1639.9464830416932,0.0,-0.23915183196324324,0.9709821838059775,0.9709821838059772,0.2391518319632432,1073.5832420544007,-69.84999999999994,11.1125,Axis normal to side face; use profile to identify corner and positive directions. Conditional package dimensions; follow the stated installation assumptions.
knee_bolt_left_leg_1,base_knee_left_leg,Minimum-X side face; lowest along-grain physical profile corner,-1346.2,952.8091180470968,1392.558613689341,0.8117811605452602,-0.5839617687689757,-0.5839617687689757,-0.8117811605452602,508.5398689051525,86.06423793102971,11.1125,Axis normal to side face; use profile to identify corner and positive directions. Conditional package dimensions; follow the stated installation assumptions.
knee_bolt_left_leg_2,lumber_leg_left,Minimum-X side face; lowest along-grain physical profile corner,-1308.1000000000001,1639.9464830416932,0.0,-0.23915183196324324,0.9709821838059775,0.9709821838059772,0.2391518319632432,1123.583242054401,-69.85000000000002,11.1125,Axis normal to side face; use profile to identify corner and positive directions. Conditional package dimensions; follow the stated installation assumptions.
knee_bolt_left_leg_2,base_knee_left_leg,Minimum-X side face; lowest along-grain physical profile corner,-1346.2,952.8091180470968,1392.558613689341,0.8117811605452602,-0.5839617687689757,-0.5839617687689757,-0.8117811605452602,470.4820976453449,53.635762068970024,11.1125,Axis normal to side face; use profile to identify corner and positive directions. Conditional package dimensions; follow the stated installation assumptions.
knee_bolt_right_rim_1,base_side_right,Minimum-X side face; lowest along-grain physical profile corner,1130.3000000000002,-182.70000000000005,277.0,0.6427876096865427,0.7660444431189752,0.7660444431189752,-0.6427876096865427,1480.8671193153732,38.31751978168893,11.1125,Axis normal to side face; use profile to identify corner and positive directions. Conditional package dimensions; follow the stated installation assumptions.
knee_bolt_right_rim_1,base_knee_right_rim,Minimum-X side face; lowest along-grain physical profile corner,1219.2,766.099451121687,1526.8698205062055,0.8117811605452602,-0.5839617687689757,-0.5839617687689757,-0.8117811605452602,108.13844490459863,94.7805959139926,11.1125,Axis normal to side face; use profile to identify corner and positive directions. Conditional package dimensions; follow the stated installation assumptions.
knee_bolt_right_rim_2,base_side_right,Minimum-X side face; lowest along-grain physical profile corner,1130.3000000000002,-182.70000000000005,277.0,0.6427876096865427,0.7660444431189752,0.7660444431189752,-0.6427876096865427,1530.8671193153732,38.31751978168904,11.1125,Axis normal to side face; use profile to identify corner and positive directions. Conditional package dimensions; follow the stated installation assumptions.
knee_bolt_right_rim_2,base_knee_right_rim,Minimum-X side face; lowest along-grain physical profile corner,1219.2,766.099451121687,1526.8698205062055,0.8117811605452602,-0.5839617687689757,-0.5839617687689757,-0.8117811605452602,111.86155509540143,44.9194040860075,11.1125,Axis normal to side face; use profile to identify corner and positive directions. Conditional package dimensions; follow the stated installation assumptions.
knee_bolt_right_leg_1,lumber_leg_right,Minimum-X side face; lowest along-grain physical profile corner,1219.2,1639.9464830416932,0.0,-0.23915183196324324,0.9709821838059775,0.9709821838059772,0.2391518319632432,1073.5832420544007,-69.84999999999994,11.1125,Axis normal to side face; use profile to identify corner and positive directions. Conditional package dimensions; follow the stated installation assumptions.
knee_bolt_right_leg_1,base_knee_right_leg,Minimum-X side face; lowest along-grain physical profile corner,1308.1000000000001,952.8091180470968,1392.558613689341,0.8117811605452602,-0.5839617687689757,-0.5839617687689757,-0.8117811605452602,508.5398689051525,86.06423793102971,11.1125,Axis normal to side face; use profile to identify corner and positive directions. Conditional package dimensions; follow the stated installation assumptions.
knee_bolt_right_leg_2,lumber_leg_right,Minimum-X side face; lowest along-grain physical profile corner,1219.2,1639.9464830416932,0.0,-0.23915183196324324,0.9709821838059775,0.9709821838059772,0.2391518319632432,1123.583242054401,-69.85000000000002,11.1125,Axis normal to side face; use profile to identify corner and positive directions. Conditional package dimensions; follow the stated installation assumptions.
knee_bolt_right_leg_2,base_knee_right_leg,Minimum-X side face; lowest along-grain physical profile corner,1308.1000000000001,952.8091180470968,1392.558613689341,0.8117811605452602,-0.5839617687689757,-0.5839617687689757,-0.8117811605452602,470.4820976453449,53.635762068970024,11.1125,Axis normal to side face; use profile to identify corner and positive directions. Conditional package dimensions; follow the stated installation assumptions.
knee_splice_bolt_left_1,base_knee_left_rim,Minimum-X side face; lowest along-grain physical profile corner,-1308.1000000000001,766.099451121687,1526.8698205062055,0.8117811605452602,-0.5839617687689757,-0.5839617687689757,-0.8117811605452602,308.25549163762435,69.85,11.1125,Axis normal to side face; use profile to identify corner and positive directions. Conditional package dimensions; follow the stated installation assumptions.
knee_splice_bolt_left_1,base_knee_left_leg,Minimum-X side face; lowest along-grain physical profile corner,-1346.2,952.8091180470968,1392.558613689341,0.8117811605452602,-0.5839617687689757,-0.5839617687689757,-0.8117811605452602,78.25549163762429,69.84999999999984,11.1125,Axis normal to side face; use profile to identify corner and positive directions. Conditional package dimensions; follow the stated installation assumptions.
knee_splice_bolt_left_2,base_knee_left_rim,Minimum-X side face; lowest along-grain physical profile corner,-1308.1000000000001,766.099451121687,1526.8698205062055,0.8117811605452602,-0.5839617687689757,-0.5839617687689757,-0.8117811605452602,359.25549163762435,69.84999999999994,11.1125,Axis normal to side face; use profile to identify corner and positive directions. Conditional package dimensions; follow the stated installation assumptions.
knee_splice_bolt_left_2,base_knee_left_leg,Minimum-X side face; lowest along-grain physical profile corner,-1346.2,952.8091180470968,1392.558613689341,0.8117811605452602,-0.5839617687689757,-0.5839617687689757,-0.8117811605452602,129.25549163762426,69.84999999999978,11.1125,Axis normal to side face; use profile to identify corner and positive directions. Conditional package dimensions; follow the stated installation assumptions.
knee_splice_bolt_left_3,base_knee_left_rim,Minimum-X side face; lowest along-grain physical profile corner,-1308.1000000000001,766.099451121687,1526.8698205062055,0.8117811605452602,-0.5839617687689757,-0.5839617687689757,-0.8117811605452602,410.25549163762446,69.85000000000008,11.1125,Axis normal to side face; use profile to identify corner and positive directions. Conditional package dimensions; follow the stated installation assumptions.
knee_splice_bolt_left_3,base_knee_left_leg,Minimum-X side face; lowest along-grain physical profile corner,-1346.2,952.8091180470968,1392.558613689341,0.8117811605452602,-0.5839617687689757,-0.5839617687689757,-0.8117811605452602,180.2554916376244,69.84999999999991,11.1125,Axis normal to side face; use profile to identify corner and positive directions. Conditional package dimensions; follow the stated installation assumptions.
knee_splice_bolt_left_4,base_knee_left_rim,Minimum-X side face; lowest along-grain physical profile corner,-1308.1000000000001,766.099451121687,1526.8698205062055,0.8117811605452602,-0.5839617687689757,-0.5839617687689757,-0.8117811605452602,461.25549163762446,69.85000000000002,11.1125,Axis normal to side face; use profile to identify corner and positive directions. Conditional package dimensions; follow the stated installation assumptions.
knee_splice_bolt_left_4,base_knee_left_leg,Minimum-X side face; lowest along-grain physical profile corner,-1346.2,952.8091180470968,1392.558613689341,0.8117811605452602,-0.5839617687689757,-0.5839617687689757,-0.8117811605452602,231.25549163762437,69.84999999999985,11.1125,Axis normal to side face; use profile to identify corner and positive directions. Conditional package dimensions; follow the stated installation assumptions.
knee_splice_bolt_right_1,base_knee_right_rim,Minimum-X side face; lowest along-grain physical profile corner,1219.2,766.099451121687,1526.8698205062055,0.8117811605452602,-0.5839617687689757,-0.5839617687689757,-0.8117811605452602,308.25549163762435,69.85,11.1125,Axis normal to side face; use profile to identify corner and positive directions. Conditional package dimensions; follow the stated installation assumptions.
knee_splice_bolt_right_1,base_knee_right_leg,Minimum-X side face; lowest along-grain physical profile corner,1308.1000000000001,952.8091180470968,1392.558613689341,0.8117811605452602,-0.5839617687689757,-0.5839617687689757,-0.8117811605452602,78.25549163762429,69.84999999999984,11.1125,Axis normal to side face; use profile to identify corner and positive directions. Conditional package dimensions; follow the stated installation assumptions.
knee_splice_bolt_right_2,base_knee_right_rim,Minimum-X side face; lowest along-grain physical profile corner,1219.2,766.099451121687,1526.8698205062055,0.8117811605452602,-0.5839617687689757,-0.5839617687689757,-0.8117811605452602,359.25549163762435,69.84999999999994,11.1125,Axis normal to side face; use profile to identify corner and positive directions. Conditional package dimensions; follow the stated installation assumptions.
knee_splice_bolt_right_2,base_knee_right_leg,Minimum-X side face; lowest along-grain physical profile corner,1308.1000000000001,952.8091180470968,1392.558613689341,0.8117811605452602,-0.5839617687689757,-0.5839617687689757,-0.8117811605452602,129.25549163762426,69.84999999999978,11.1125,Axis normal to side face; use profile to identify corner and positive directions. Conditional package dimensions; follow the stated installation assumptions.
knee_splice_bolt_right_3,base_knee_right_rim,Minimum-X side face; lowest along-grain physical profile corner,1219.2,766.099451121687,1526.8698205062055,0.8117811605452602,-0.5839617687689757,-0.5839617687689757,-0.8117811605452602,410.25549163762446,69.85000000000008,11.1125,Axis normal to side face; use profile to identify corner and positive directions. Conditional package dimensions; follow the stated installation assumptions.
knee_splice_bolt_right_3,base_knee_right_leg,Minimum-X side face; lowest along-grain physical profile corner,1308.1000000000001,952.8091180470968,1392.558613689341,0.8117811605452602,-0.5839617687689757,-0.5839617687689757,-0.8117811605452602,180.2554916376244,69.84999999999991,11.1125,Axis normal to side face; use profile to identify corner and positive directions. Conditional package dimensions; follow the stated installation assumptions.
knee_splice_bolt_right_4,base_knee_right_rim,Minimum-X side face; lowest along-grain physical profile corner,1219.2,766.099451121687,1526.8698205062055,0.8117811605452602,-0.5839617687689757,-0.5839617687689757,-0.8117811605452602,461.25549163762446,69.85000000000002,11.1125,Axis normal to side face; use profile to identify corner and positive directions. Conditional package dimensions; follow the stated installation assumptions.
knee_splice_bolt_right_4,base_knee_right_leg,Minimum-X side face; lowest along-grain physical profile corner,1308.1000000000001,952.8091180470968,1392.558613689341,0.8117811605452602,-0.5839617687689757,-0.5839617687689757,-0.8117811605452602,231.25549163762437,69.84999999999985,11.1125,Axis normal to side face; use profile to identify corner and positive directions. Conditional package dimensions; follow the stated installation assumptions.
