connection,panel,receiver,provenance,purpose,direction_xyz,x_mm,panel_s_or_z_mm,grain_station_mm,receiver_low_end_distance_mm,receiver_high_end_distance_mm,receiver_face_edge_distance_mm,nearest_panel_edge_mm,gross_penetration_mm,nominal_embedded_thread_mm,future_insert_reserve_passed_historical,maximum_withdrawal_n,withdrawal_case,maximum_lateral_n,lateral_case,proven_removable,candidate_300_action,candidate_remove_all_infill_action,nearest_same_panel_receiver_spacing_mm,nearest_all_panel_same_receiver_spacing_mm
timber_panel_lower_left_1,main_lower_left,base_side_left,original,Outer panel-edge retention,"[0.0, -0.766044443118978, 0.6427876096865393]",-1200.15,60.00000000000006,220.78982272741175,75.10379336119148,2378.4,19.049999999999955,19.049999999999955,32.543749999999996,31.496,True,0.0,c10-k1000,432.756956188086,c10-k10000,False,keep,keep,346.39999999999975,346.39999999999975
timber_panel_lower_left_2,main_lower_left,base_side_left,original,Outer panel-edge retention,"[0.0, -0.766044443118978, 0.6427876096865393]",-1200.15,1159.1999999999998,1319.9898227274116,1174.3037933611954,1279.2000000000003,19.049999999999955,19.049999999999955,32.543749999999996,31.496,True,274.02148301793875,c6-k1000,545.0765045826225,c10-k10000,False,keep,keep,346.4000000000002,120.00000000000023
timber_panel_lower_left_3,main_lower_left,base_principal_center_left,original,Original center panel-edge retention,"[0.0, -0.766044443118978, 0.6427876096865393]",-70.0,48.0,208.78982272741172,63.10379336119139,2352.3,19.050000000000004,48.0,32.543749999999996,31.496,True,67.92634161097028,f10-k1000,144.21976643009057,c7-k1000,False,keep,keep,107.46666666666658,107.46666666666658
timber_panel_lower_left_4,main_lower_left,base_principal_center_left,original,Original center panel-edge retention,"[0.0, -0.766044443118978, 0.6427876096865393]",-70.0,1139.2,1299.9898227274116,1154.3037933611954,1261.1000000000004,19.050000000000004,70.0,32.543749999999996,31.496,True,324.9178633544508,c6-k1000,438.81093515384055,c6-k1000,False,keep,keep,122.79999999999995,120.00000000000023
timber_panel_lower_left_5,main_lower_left,base_side_left,original,Outer panel-edge retention,"[0.0, -0.766044443118978, 0.6427876096865393]",-1200.15,406.39999999999975,567.1898227274115,421.50379336119255,2032.0000000000005,19.049999999999955,19.049999999999955,32.543749999999996,31.496,True,27.47448836231511,c10-k100,404.73777557571015,c10-k10000,False,keep,keep,346.39999999999975,346.39999999999975
timber_panel_lower_left_6,main_lower_left,base_side_left,original,Outer panel-edge retention,"[0.0, -0.766044443118978, 0.6427876096865393]",-1200.15,812.7999999999996,973.5898227274114,827.903793361194,1625.6000000000004,19.049999999999955,19.049999999999955,32.543749999999996,31.496,True,51.88351621339042,c10-k100,289.59162724794083,c6-k1000,False,keep,keep,346.4000000000002,346.4000000000002
timber_panel_lower_left_7,main_lower_left,base_principal_center_left,original,Original center panel-edge retention,"[0.0, -0.766044443118978, 0.6427876096865393]",-70.0,370.39999999999986,531.1898227274115,385.50379336119244,2029.9000000000005,19.050000000000004,70.0,32.543749999999996,31.496,True,6.878124309659167,c10-k100,110.04899140449706,c10-k10000,False,keep,keep,107.46666666666664,107.46666666666664
timber_panel_lower_left_8,main_lower_left,base_principal_center_left,original,Original center panel-edge retention,"[0.0, -0.766044443118978, 0.6427876096865393]",-70.0,770.7999999999997,931.5898227274115,785.9037933611938,1629.5000000000005,19.050000000000004,70.0,32.543749999999996,31.496,True,2.674606119200433,c10-k10000,122.14632659890745,c6-k1000,False,keep,keep,122.80000000000018,122.80000000000018
timber_panel_lower_left_9,main_lower_left,base_rail_bottom_left,original,Panel top/bottom edge attachment,"[0.0, -0.766044443118978, 0.6427876096865393]",-834.1500000000001,59.0499999999999,-834.1500000000001,346.95000000000005,745.1000000000001,19.050000000000612,59.0499999999999,32.543749999999996,31.496,True,10.212742605787861,c10-k10000,260.4155142900106,f10-k1000,False,keep,keep,386.0,386.0
timber_panel_lower_left_10,main_lower_left,base_rail_bottom_left,original,Panel top/bottom edge attachment,"[0.0, -0.766044443118978, 0.6427876096865393]",-448.1500000000001,59.0499999999999,-448.1500000000001,732.95,359.10000000000014,19.050000000000612,59.0499999999999,32.543749999999996,31.496,True,7.212608264006396,c7-k1000,209.45401353157905,f10-k1000,False,keep,keep,386.0,386.0
timber_panel_lower_right_1,main_lower_right,base_principal_center_right,original,Original center panel-edge retention,"[0.0, -0.766044443118978, 0.6427876096865393]",70.0,80.00000000000003,240.78982272741172,95.10379336119153,2320.3,19.050000000000093,70.0,32.543749999999996,31.496,True,49.421768185218646,f10-k1000,62.985561792020995,f10-k1000,False,keep,keep,115.46666666666658,115.46666666666658
timber_panel_lower_right_2,main_lower_right,base_principal_center_right,original,Original center panel-edge retention,"[0.0, -0.766044443118978, 0.6427876096865393]",70.0,1179.2,1339.9898227274116,1194.3037933611954,1221.1000000000004,19.050000000000093,40.0,32.543749999999996,31.496,True,0.0,c10-k1000,155.5417569264617,c10-k10000,False,keep,keep,115.4666666666667,115.4666666666667
timber_panel_lower_right_3,main_lower_right,base_side_right,original,Outer panel-edge retention,"[0.0, -0.766044443118978, 0.6427876096865393]",1200.15,60.00000000000006,220.78982272741175,75.10379336119148,2378.4,19.050000000000068,19.049999999999955,32.543749999999996,31.496,True,0.0,c10-k1000,297.36681682481486,f10-k1000,False,keep,keep,346.39999999999975,346.39999999999975
timber_panel_lower_right_4,main_lower_right,base_side_right,original,Outer panel-edge retention,"[0.0, -0.766044443118978, 0.6427876096865393]",1200.15,1159.1999999999998,1319.9898227274116,1174.3037933611954,1279.2000000000003,19.050000000000068,19.049999999999955,32.543749999999996,31.496,True,52.38532853203567,c10-k100,234.53261108961766,c10-k10000,False,keep,keep,346.4000000000002,120.00000000000023
timber_panel_lower_right_5,main_lower_right,base_principal_center_right,original,Original center panel-edge retention,"[0.0, -0.766044443118978, 0.6427876096865393]",70.0,426.39999999999975,587.1898227274115,441.5037933611926,1973.9000000000005,19.050000000000093,70.0,32.543749999999996,31.496,True,6.0734113576399,c10-k100,65.84177714502515,c10-k10000,False,keep,keep,115.46666666666664,115.46666666666664
timber_panel_lower_right_6,main_lower_right,base_principal_center_right,original,Original center panel-edge retention,"[0.0, -0.766044443118978, 0.6427876096865393]",70.0,832.7999999999998,993.5898227274116,847.9037933611942,1567.5000000000005,19.050000000000093,70.0,32.543749999999996,31.496,True,2.2737667373517367,c10-300lb,40.43197668511936,c10-k10000,False,keep,keep,115.46666666666681,115.46666666666681
timber_panel_lower_right_7,main_lower_right,base_side_right,original,Outer panel-edge retention,"[0.0, -0.766044443118978, 0.6427876096865393]",1200.15,406.39999999999975,567.1898227274115,421.50379336119255,2032.0000000000005,19.050000000000068,19.049999999999955,32.543749999999996,31.496,True,22.03761741955615,f10-k1000,248.600209438295,c10-k10000,False,keep,keep,346.39999999999975,346.39999999999975
timber_panel_lower_right_8,main_lower_right,base_side_right,original,Outer panel-edge retention,"[0.0, -0.766044443118978, 0.6427876096865393]",1200.15,812.7999999999996,973.5898227274114,827.903793361194,1625.6000000000004,19.050000000000068,19.049999999999955,32.543749999999996,31.496,True,39.036729620450615,f10-k1000,117.26193479622474,c10-k10000,False,keep,keep,346.4000000000002,346.4000000000002
timber_panel_lower_right_9,main_lower_right,base_rail_bottom_right,original,Panel top/bottom edge attachment,"[0.0, -0.766044443118978, 0.6427876096865393]",365.75000000000006,59.0499999999999,365.75000000000006,276.7000000000001,815.3500000000001,19.050000000000612,59.0499999999999,32.543749999999996,31.496,True,10.527981127124372,c10-refined,193.27007416857717,f10-k1000,False,keep,keep,400.7,400.7
timber_panel_lower_right_10,main_lower_right,base_rail_bottom_right,original,Panel top/bottom edge attachment,"[0.0, -0.766044443118978, 0.6427876096865393]",766.45,59.0499999999999,766.45,677.4000000000001,414.6500000000001,19.050000000000612,59.0499999999999,32.543749999999996,31.496,True,11.974473488649162,c10-k10000,210.65120525476058,f10-k1000,False,keep,keep,400.7,400.7
timber_panel_upper_left_1,main_upper_left,base_side_left,original,Outer panel-edge retention,"[0.0, -0.766044443118978, 0.6427876096865393]",-1200.15,1279.2,1439.9898227274118,1294.3037933611959,1159.2,19.049999999999955,19.049999999999955,32.543749999999996,31.496,True,21.25912585265319,c10-k100,1495.2850360984808,c10-k10000,False,keep,keep,346.39999999999964,120.00000000000023
timber_panel_upper_left_2,main_upper_left,base_side_left,original,Outer panel-edge retention,"[0.0, -0.766044443118978, 0.6427876096865393]",-1200.15,2338.3999999999996,2499.1898227274114,2353.5037933611998,100.00000000000045,19.049999999999955,19.049999999999955,32.543749999999996,31.496,True,105.28373823889868,c10-k100,682.0867258784332,c10-k10000,False,keep,keep,306.39999999999964,306.39999999999964
timber_panel_upper_left_3,main_upper_left,base_principal_center_left,original,Original center panel-edge retention,"[0.0, -0.766044443118978, 0.6427876096865393]",-70.0,1259.2,1419.9898227274118,1274.303793361196,1141.1000000000001,19.050000000000004,40.0,32.543749999999996,31.496,True,68.21350170195873,f10-k1000,388.6270571726144,c10-k10000,False,keep,keep,110.4666666666667,110.4666666666667
timber_panel_upper_left_4,main_upper_left,base_principal_center_left,original,Original center panel-edge retention,"[0.0, -0.766044443118978, 0.6427876096865393]",-70.0,2290.3999999999996,2451.189822727412,2305.5037933611998,109.90000000000009,19.050000000000004,70.0,32.543749999999996,31.496,True,66.45503753000763,f10-k1000,537.1634645169798,f10-k1000,False,keep,keep,149.70000000000027,149.70000000000027
timber_panel_upper_left_5,main_upper_left,base_side_left,original,Outer panel-edge retention,"[0.0, -0.766044443118978, 0.6427876096865393]",-1200.15,1625.5999999999997,1786.3898227274115,1640.703793361197,812.8000000000004,19.049999999999955,19.049999999999955,32.543749999999996,31.496,True,324.8671741451163,c10-300lb,659.8811155030775,c10-k10000,False,keep,keep,346.39999999999964,346.39999999999964
timber_panel_upper_left_6,main_upper_left,base_side_left,original,Outer panel-edge retention,"[0.0, -0.766044443118978, 0.6427876096865393]",-1200.15,2031.9999999999998,2192.789822727412,2047.1037933611988,406.4000000000001,19.049999999999955,19.049999999999955,32.543749999999996,31.496,True,427.9108635594481,c10-300lb,528.4685629531979,c10-k10000,False,keep,keep,306.39999999999964,306.39999999999964
timber_panel_upper_left_7,main_upper_left,base_principal_center_left,original,Original center panel-edge retention,"[0.0, -0.766044443118978, 0.6427876096865393]",-70.0,1590.5999999999997,1751.3898227274115,1605.7037933611969,809.7000000000005,19.050000000000004,70.0,32.543749999999996,31.496,True,74.51571931099087,c7-k1000,67.59271842583033,c10-k100,False,keep,keep,110.46666666666647,110.46666666666647
timber_panel_upper_left_8,main_upper_left,base_principal_center_left,original,Original center panel-edge retention,"[0.0, -0.766044443118978, 0.6427876096865393]",-70.0,1990.9999999999998,2151.7898227274113,2006.1037933611983,409.30000000000064,19.050000000000004,70.0,32.543749999999996,31.496,True,1064.3932766175535,f10-k1000,317.3000331742042,f10-k1000,False,keep,keep,133.46666666666647,133.46666666666647
timber_panel_upper_left_11,main_upper_left,base_rail_top,original,Panel top/bottom edge attachment,"[0.0, -0.766044443118978, 0.6427876096865393]",-819.1500000000001,2419.3499999999995,-819.1500000000001,361.95000000000005,2000.2500000000002,19.049999999999912,19.050000000000637,32.543749999999996,31.496,True,382.80563579065824,c10-k10000,715.5959051698887,c10-k10000,False,keep,keep,381.0,381.0
timber_panel_upper_left_12,main_upper_left,base_rail_top,original,Panel top/bottom edge attachment,"[0.0, -0.766044443118978, 0.6427876096865393]",-438.1500000000001,2419.3499999999995,-438.1500000000001,742.95,1619.2500000000002,19.049999999999912,19.050000000000637,32.543749999999996,31.496,True,490.4488945236512,c10-300lb,643.3447840536941,c10-k10000,False,keep,keep,381.0,381.0
timber_panel_upper_right_1,main_upper_right,base_principal_center_right,original,Original center panel-edge retention,"[0.0, -0.766044443118978, 0.6427876096865393]",70.0,1299.2000000000003,1459.9898227274118,1314.303793361196,1101.1000000000001,19.050000000000093,70.0,32.543749999999996,31.496,True,18.692517764766134,c10-k100,161.8707560850361,c10-k10000,False,keep,keep,115.4666666666667,115.4666666666667
timber_panel_upper_right_2,main_upper_right,base_principal_center_right,original,Original center panel-edge retention,"[0.0, -0.766044443118978, 0.6427876096865393]",70.0,2353.3999999999996,2514.189822727412,2368.5037933611998,46.90000000000009,19.050000000000093,70.0,32.543749999999996,31.496,True,43.897408962522675,f10-k1000,130.2367480135532,c10-k10000,False,keep,keep,100.4666666666667,100.4666666666667
timber_panel_upper_right_3,main_upper_right,base_side_right,original,Outer panel-edge retention,"[0.0, -0.766044443118978, 0.6427876096865393]",1200.15,1279.2,1439.9898227274118,1294.3037933611959,1159.2,19.050000000000068,19.049999999999955,32.543749999999996,31.496,True,0.0,c10-k1000,760.2980205349136,c10-k10000,False,keep,keep,346.39999999999964,120.00000000000023
timber_panel_upper_right_4,main_upper_right,base_side_right,original,Outer panel-edge retention,"[0.0, -0.766044443118978, 0.6427876096865393]",1200.15,2338.3999999999996,2499.1898227274114,2353.5037933611998,100.00000000000045,19.050000000000068,19.049999999999955,32.543749999999996,31.496,True,87.07047388534689,c10-k100,435.9195253529529,c10-k10000,False,keep,keep,306.39999999999964,306.39999999999964
timber_panel_upper_right_5,main_upper_right,base_principal_center_right,original,Original center panel-edge retention,"[0.0, -0.766044443118978, 0.6427876096865393]",70.0,1645.5999999999997,1806.3898227274115,1660.7037933611969,754.7000000000005,19.050000000000093,70.0,32.543749999999996,31.496,True,3.7620029875630276,c10-k10000,31.008360164815336,f10-k1000,False,keep,keep,115.46666666666647,115.46666666666647
timber_panel_upper_right_6,main_upper_right,base_principal_center_right,original,Original center panel-edge retention,"[0.0, -0.766044443118978, 0.6427876096865393]",70.0,2052.0,2212.7898227274113,2067.1037933611988,348.30000000000064,19.050000000000093,70.0,32.543749999999996,31.496,True,4.892478723145635,c10-k100,13.18025962848526,f10-k1000,False,keep,keep,100.4666666666667,100.4666666666667
timber_panel_upper_right_7,main_upper_right,base_side_right,original,Outer panel-edge retention,"[0.0, -0.766044443118978, 0.6427876096865393]",1200.15,1625.5999999999997,1786.3898227274115,1640.703793361197,812.8000000000004,19.050000000000068,19.049999999999955,32.543749999999996,31.496,True,64.95346007142665,f10-k1000,334.5902892277033,c10-k10000,False,keep,keep,346.39999999999964,346.39999999999964
timber_panel_upper_right_8,main_upper_right,base_side_right,original,Outer panel-edge retention,"[0.0, -0.766044443118978, 0.6427876096865393]",1200.15,2031.9999999999998,2192.789822727412,2047.1037933611988,406.4000000000001,19.050000000000068,19.049999999999955,32.543749999999996,31.496,True,42.90164188821477,c10-k100,323.12676838056313,c10-k10000,False,keep,keep,306.39999999999964,306.39999999999964
timber_panel_upper_right_11,main_upper_right,base_rail_top,original,Panel top/bottom edge attachment,"[0.0, -0.766044443118978, 0.6427876096865393]",412.75000000000006,2419.3499999999995,412.75000000000006,1593.8500000000001,768.3500000000001,19.049999999999912,19.050000000000637,32.543749999999996,31.496,True,12.737296286056475,c10-k100,182.97935365874207,f10-k1000,False,keep,keep,393.7,393.7
timber_panel_upper_right_12,main_upper_right,base_rail_top,original,Panel top/bottom edge attachment,"[0.0, -0.766044443118978, 0.6427876096865393]",806.45,2419.3499999999995,806.45,1987.5500000000002,374.6500000000001,19.049999999999912,19.050000000000637,32.543749999999996,31.496,True,2.6281008396021317,c10-k10000,575.9666021662865,c10-k10000,False,keep,keep,393.7,393.7
timber_kicker_left_0_1,kicker_left,base_post_outer_left,original,Kicker perimeter retention,"[0.0, -1.0, 0.0]",-1200.15,60.0,60.0,60.0,126.9,19.049999999999955,19.049999999999955,32.543749999999996,31.496,True,0.0,c10-k1000,7.334643042609501,c10-k10000,False,keep,keep,80.0,80.0
timber_kicker_left_0_2,kicker_left,base_post_outer_left,original,Kicker perimeter retention,"[0.0, -1.0, 0.0]",-1200.15,140.0,140.0,140.0,46.900000000000006,19.049999999999955,19.049999999999955,32.543749999999996,31.496,True,0.44787000000000127,c10-k10000,54.909269560840094,c10-k10000,False,keep,keep,80.0,80.0
timber_kicker_left_1_1,kicker_left,base_post_center_left,original,Kicker perimeter retention,"[0.0, -1.0, 0.0]",-70.0,50.0,50.0,50.0,136.9,19.049999999999997,50.0,32.543749999999996,31.496,True,0.44880500000000023,c10-k10000,28.974918362545903,c10-k10000,False,keep,keep,80.0,80.0
timber_kicker_left_1_2,kicker_left,base_post_center_left,original,Kicker perimeter retention,"[0.0, -1.0, 0.0]",-70.0,130.0,130.0,130.0,56.900000000000006,19.049999999999997,70.0,32.543749999999996,31.496,True,0.0,c10-k1000,20.79591415129905,c10-k10000,False,keep,keep,80.0,80.0
timber_kicker_right_0_1,kicker_right,base_post_center_right,original,Kicker perimeter retention,"[0.0, -1.0, 0.0]",70.0,80.0,80.0,80.0,106.9,19.049999999999997,70.0,32.543749999999996,31.496,True,0.4743809999999994,c10-k10000,21.86600192026426,c10-k10000,False,keep,keep,60.0,60.0
timber_kicker_right_0_2,kicker_right,base_post_center_right,original,Kicker perimeter retention,"[0.0, -1.0, 0.0]",70.0,140.0,140.0,140.0,46.900000000000006,19.049999999999997,70.0,32.543749999999996,31.496,True,0.005776499999999999,c10-k100,12.340899918921215,f10-k1000,False,keep,keep,60.0,60.0
timber_kicker_right_1_1,kicker_right,base_post_outer_right,original,Kicker perimeter retention,"[0.0, -1.0, 0.0]",1200.15,60.0,60.0,60.0,126.9,19.050000000000068,19.049999999999955,32.543749999999996,31.496,True,0.004351760000000001,c10-k100,11.614299347319276,c10-k10000,False,keep,keep,80.0,80.0
timber_kicker_right_1_2,kicker_right,base_post_outer_right,original,Kicker perimeter retention,"[0.0, -1.0, 0.0]",1200.15,140.0,140.0,140.0,46.900000000000006,19.050000000000068,19.049999999999955,32.543749999999996,31.496,True,0.3548299999999978,c10-k10000,36.167710873618134,c10-k10000,False,keep,keep,80.0,80.0
infill_main_lower_left_base_principal_center_left_1_1,main_lower_left,base_principal_center_left,infill,Supplemental inherited 150 mm principal interval rule,"[0.0, -0.766044443118978, 0.6427876096865393]",-70.0,155.46666666666658,316.2564893940783,170.57046002785836,2244.8333333333335,19.050000000000004,70.0,32.543749999999996,31.496,True,26.69013854550818,c10-k100,120.55707260257954,c7-k1000,False,drop,drop,107.46666666666658,107.46666666666658
infill_main_lower_left_base_principal_center_left_1_2,main_lower_left,base_principal_center_left,infill,Supplemental inherited 150 mm principal interval rule,"[0.0, -0.766044443118978, 0.6427876096865393]",-70.0,262.9333333333332,423.7231560607449,278.0371266945254,2137.3666666666672,19.050000000000004,70.0,32.543749999999996,31.496,True,14.502538168366971,c10-k100,106.83798361090435,c7-k1000,False,keep,drop,107.46666666666658,107.46666666666658
infill_main_lower_left_base_principal_center_left_2_1,main_lower_left,base_principal_center_left,infill,Supplemental inherited 150 mm principal interval rule,"[0.0, -0.766044443118978, 0.6427876096865393]",-70.0,503.86666666666645,664.6564893940782,518.9704600278595,1896.4333333333338,19.050000000000004,70.0,32.543749999999996,31.496,True,3.8720556932137327,c10-k10000,112.0426729653816,c10-k10000,False,drop,drop,133.46666666666658,133.46666666666658
infill_main_lower_left_base_principal_center_left_2_2,main_lower_left,base_principal_center_left,infill,Supplemental inherited 150 mm principal interval rule,"[0.0, -0.766044443118978, 0.6427876096865393]",-70.0,637.3333333333331,798.1231560607448,652.4371266945267,1762.9666666666672,19.050000000000004,70.0,32.543749999999996,31.496,True,3.4809292318883425,c10-k10000,96.47931224844724,c10-k10000,False,keep,drop,133.46666666666658,133.46666666666658
infill_main_lower_left_base_principal_center_left_3_1,main_lower_left,base_principal_center_left,infill,Supplemental inherited 150 mm principal interval rule,"[0.0, -0.766044443118978, 0.6427876096865393]",-70.0,893.5999999999999,1054.3898227274117,908.7037933611945,1506.7000000000003,19.050000000000004,70.0,32.543749999999996,31.496,True,0.6286737352609112,c10-k10000,205.48872856019054,c6-k1000,False,drop,drop,122.79999999999995,122.79999999999995
infill_main_lower_left_base_principal_center_left_3_2,main_lower_left,base_principal_center_left,infill,Supplemental inherited 150 mm principal interval rule,"[0.0, -0.766044443118978, 0.6427876096865393]",-70.0,1016.3999999999999,1177.1898227274116,1031.503793361195,1383.9000000000003,19.050000000000004,70.0,32.543749999999996,31.496,True,2.000654358020786,c10-k100,313.19470910560665,c6-k1000,False,keep,drop,122.79999999999995,122.79999999999995
infill_main_lower_right_base_principal_center_right_1_1,main_lower_right,base_principal_center_right,infill,Supplemental inherited 150 mm principal interval rule,"[0.0, -0.766044443118978, 0.6427876096865393]",70.0,195.46666666666658,356.2564893940783,210.57046002785853,2204.8333333333335,19.050000000000093,70.0,32.543749999999996,31.496,True,21.833695904440045,c10-k100,58.89541600194803,f10-k1000,False,drop,drop,115.46666666666658,115.46666666666658
infill_main_lower_right_base_principal_center_right_1_2,main_lower_right,base_principal_center_right,infill,Supplemental inherited 150 mm principal interval rule,"[0.0, -0.766044443118978, 0.6427876096865393]",70.0,310.93333333333317,471.7231560607449,326.0371266945255,2089.3666666666672,19.050000000000093,70.0,32.543749999999996,31.496,True,11.715851803500877,c10-k100,63.38551363987516,c10-k10000,False,keep,drop,115.46666666666658,115.46666666666658
infill_main_lower_right_base_principal_center_right_2_1,main_lower_right,base_principal_center_right,infill,Supplemental inherited 150 mm principal interval rule,"[0.0, -0.766044443118978, 0.6427876096865393]",70.0,561.8666666666664,722.6564893940782,576.9704600278598,1838.4333333333338,19.050000000000093,70.0,32.543749999999996,31.496,True,4.385854878973834,c10-k10000,63.603332475434385,c10-k10000,False,drop,drop,135.46666666666658,135.46666666666658
infill_main_lower_right_base_principal_center_right_2_2,main_lower_right,base_principal_center_right,infill,Supplemental inherited 150 mm principal interval rule,"[0.0, -0.766044443118978, 0.6427876096865393]",70.0,697.333333333333,858.1231560607448,712.4371266945269,1702.9666666666672,19.050000000000093,70.0,32.543749999999996,31.496,True,3.767581371052034,c10-k10000,53.818501898625584,c10-k10000,False,keep,drop,135.46666666666658,135.46666666666658
infill_main_lower_right_base_principal_center_right_3_1,main_lower_right,base_principal_center_right,infill,Supplemental inherited 150 mm principal interval rule,"[0.0, -0.766044443118978, 0.6427876096865393]",70.0,948.2666666666667,1109.0564893940784,963.3704600278613,1452.0333333333335,19.050000000000093,70.0,32.543749999999996,31.496,True,0.624209646020488,c10-k10000,38.45931936888389,c10-k10000,False,drop,drop,115.46666666666647,115.46666666666647
infill_main_lower_right_base_principal_center_right_3_2,main_lower_right,base_principal_center_right,infill,Supplemental inherited 150 mm principal interval rule,"[0.0, -0.766044443118978, 0.6427876096865393]",70.0,1063.7333333333333,1224.523156060745,1078.8371266945283,1336.566666666667,19.050000000000093,70.0,32.543749999999996,31.496,True,0.0,c10-k1000,36.24655727558204,c10-k10000,False,keep,drop,115.46666666666647,115.46666666666647
infill_main_upper_left_base_principal_center_left_1_1,main_upper_left,base_principal_center_left,infill,Supplemental inherited 150 mm principal interval rule,"[0.0, -0.766044443118978, 0.6427876096865393]",-70.0,1369.6666666666667,1530.4564893940785,1384.770460027863,1030.6333333333334,19.050000000000004,70.0,32.543749999999996,31.496,True,17.398028786879713,c7-k1000,229.6102630875629,c10-k10000,False,drop,drop,110.46666666666647,110.46666666666647
infill_main_upper_left_base_principal_center_left_1_2,main_upper_left,base_principal_center_left,infill,Supplemental inherited 150 mm principal interval rule,"[0.0, -0.766044443118978, 0.6427876096865393]",-70.0,1480.1333333333332,1640.923156060745,1495.23712669453,920.166666666667,19.050000000000004,70.0,32.543749999999996,31.496,True,59.952296769023256,c7-k1000,122.81128628851471,c10-k10000,False,keep,drop,110.46666666666647,110.46666666666647
infill_main_upper_left_base_principal_center_left_2_1,main_upper_left,base_principal_center_left,infill,Supplemental inherited 150 mm principal interval rule,"[0.0, -0.766044443118978, 0.6427876096865393]",-70.0,1724.0666666666664,1884.8564893940782,1739.170460027864,676.2333333333338,19.050000000000004,70.0,32.543749999999996,31.496,True,109.624513892358,c10-300lb,124.0238147405744,f10-k1000,False,drop,drop,133.4666666666667,133.4666666666667
infill_main_upper_left_base_principal_center_left_2_2,main_upper_left,base_principal_center_left,infill,Supplemental inherited 150 mm principal interval rule,"[0.0, -0.766044443118978, 0.6427876096865393]",-70.0,1857.533333333333,2018.3231560607449,1872.6371266945312,542.7666666666671,19.050000000000004,70.0,32.543749999999996,31.496,True,385.746448765793,f10-k1000,218.18210184288637,f10-k1000,False,keep,drop,133.46666666666647,133.46666666666647
infill_main_upper_left_base_principal_center_left_3_1,main_upper_left,base_principal_center_left,infill,Supplemental inherited 150 mm principal interval rule,"[0.0, -0.766044443118978, 0.6427876096865393]",-70.0,2140.7,2301.4898227274116,2155.8037933611986,259.60000000000036,19.050000000000004,70.0,32.543749999999996,31.496,True,454.6119228424811,f10-k1000,419.0376790915856,f10-k1000,False,drop,drop,149.70000000000027,149.70000000000027
infill_main_upper_right_base_principal_center_right_1_1,main_upper_right,base_principal_center_right,infill,Supplemental inherited 150 mm principal interval rule,"[0.0, -0.766044443118978, 0.6427876096865393]",70.0,1414.6666666666667,1575.4564893940785,1429.770460027863,985.6333333333334,19.050000000000093,70.0,32.543749999999996,31.496,True,9.87361262283558,c10-k100,65.76232023763252,c10-k10000,False,drop,drop,115.46666666666647,115.46666666666647
infill_main_upper_right_base_principal_center_right_1_2,main_upper_right,base_principal_center_right,infill,Supplemental inherited 150 mm principal interval rule,"[0.0, -0.766044443118978, 0.6427876096865393]",70.0,1530.1333333333332,1690.923156060745,1545.23712669453,870.166666666667,19.050000000000093,70.0,32.543749999999996,31.496,True,4.375108768742158,c10-k100,41.77202420444074,c10-k10000,False,keep,drop,115.46666666666647,115.46666666666647
infill_main_upper_right_base_principal_center_right_2_1,main_upper_right,base_principal_center_right,infill,Supplemental inherited 150 mm principal interval rule,"[0.0, -0.766044443118978, 0.6427876096865393]",70.0,1781.0666666666664,1941.856489394078,1796.170460027864,619.233333333334,19.050000000000093,70.0,32.543749999999996,31.496,True,4.23805862266294,c10-k10000,26.569526902696193,f10-k1000,False,drop,drop,135.46666666666647,135.46666666666647
infill_main_upper_right_base_principal_center_right_2_2,main_upper_right,base_principal_center_right,infill,Supplemental inherited 150 mm principal interval rule,"[0.0, -0.766044443118978, 0.6427876096865393]",70.0,1916.533333333333,2077.323156060745,1931.6371266945314,483.7666666666669,19.050000000000093,70.0,32.543749999999996,31.496,True,4.41909612594171,c10-k10000,20.19354130758397,f10-k1000,False,keep,drop,135.46666666666624,135.46666666666624
infill_main_upper_right_base_principal_center_right_3_1,main_upper_right,base_principal_center_right,infill,Supplemental inherited 150 mm principal interval rule,"[0.0, -0.766044443118978, 0.6427876096865393]",70.0,2152.4666666666662,2313.256489394078,2167.5704600278655,247.83333333333394,19.050000000000093,70.0,32.543749999999996,31.496,True,9.727941578116024,c10-k100,23.794855714856094,f10-k1000,False,drop,drop,100.4666666666667,100.4666666666667
infill_main_upper_right_base_principal_center_right_3_2,main_upper_right,base_principal_center_right,infill,Supplemental inherited 150 mm principal interval rule,"[0.0, -0.766044443118978, 0.6427876096865393]",70.0,2252.9333333333334,2413.723156060745,2268.037126694533,147.3666666666668,19.050000000000093,70.0,32.543749999999996,31.496,True,17.26650002850761,c10-k100,56.261096375345886,f10-k1000,False,keep,drop,100.4666666666667,100.4666666666667
horizontal_panel_lower_left_1,main_lower_left,base_rail_service_lower_left,original,Horizontal service/seam rail attachment,"[0.0, -0.766044443118978, 0.6427876096865393]",-962.69,1050.1499999999999,-962.69,218.41000000000008,873.6400000000001,19.050000000000487,169.05000000000018,32.543749999999996,31.496,True,6.764970549841497,c10-k10000,256.58587054039174,c6-k1000,False,keep,keep,218.41000000000008,218.41000000000008
horizontal_panel_lower_left_2,main_lower_left,base_rail_service_lower_left,original,Horizontal service/seam rail attachment,"[0.0, -0.766044443118978, 0.6427876096865393]",-744.28,1050.1499999999999,-744.28,436.82000000000016,655.23,19.050000000000487,169.05000000000018,32.543749999999996,31.496,True,879.9285905468629,c6-k1000,86.53101674024963,c6-k1000,False,keep,keep,218.40999999999997,218.40999999999997
horizontal_panel_lower_left_3,main_lower_left,base_rail_service_lower_left,original,Horizontal service/seam rail attachment,"[0.0, -0.766044443118978, 0.6427876096865393]",-525.87,1050.1499999999999,-525.87,655.2300000000001,436.82000000000005,19.050000000000487,169.05000000000018,32.543749999999996,31.496,True,961.6467681997437,c6-k1000,55.13233421278366,c6-k1000,False,keep,keep,218.40999999999997,218.40999999999997
horizontal_panel_lower_left_4,main_lower_left,base_rail_service_lower_left,original,Horizontal service/seam rail attachment,"[0.0, -0.766044443118978, 0.6427876096865393]",-307.4599999999999,1050.1499999999999,-307.4599999999999,873.6400000000002,218.40999999999997,19.050000000000487,169.05000000000018,32.543749999999996,31.496,True,6.60648383869485,f10-k1000,179.20923033502012,c6-k1000,False,keep,keep,218.41000000000008,218.41000000000008
horizontal_panel_upper_left_1,main_upper_left,base_rail_service_upper_left,original,Horizontal service/seam rail attachment,"[0.0, -0.766044443118978, 0.6427876096865393]",-962.69,1238.2499999999998,-962.69,218.41000000000008,873.6400000000001,19.050000000000566,19.049999999999727,32.543749999999996,31.496,True,50.663911573477584,c10-k10000,207.93235443065365,c10-k10000,False,keep,keep,218.41000000000008,218.41000000000008
horizontal_panel_upper_left_2,main_upper_left,base_rail_service_upper_left,original,Horizontal service/seam rail attachment,"[0.0, -0.766044443118978, 0.6427876096865393]",-744.28,1238.2499999999998,-744.28,436.82000000000016,655.23,19.050000000000566,19.049999999999727,32.543749999999996,31.496,True,512.2852000813502,c7-k1000,113.77696051697578,c10-k10000,False,keep,keep,218.40999999999997,218.40999999999997
horizontal_panel_upper_left_3,main_upper_left,base_rail_service_upper_left,original,Horizontal service/seam rail attachment,"[0.0, -0.766044443118978, 0.6427876096865393]",-525.87,1238.2499999999998,-525.87,655.2300000000001,436.82000000000005,19.050000000000566,19.049999999999727,32.543749999999996,31.496,True,542.6897522064552,c7-k1000,41.8462359954369,c7-k1000,False,keep,keep,218.40999999999997,218.40999999999997
horizontal_panel_upper_left_4,main_upper_left,base_rail_service_upper_left,original,Horizontal service/seam rail attachment,"[0.0, -0.766044443118978, 0.6427876096865393]",-307.4599999999999,1238.2499999999998,-307.4599999999999,873.6400000000002,218.40999999999997,19.050000000000566,19.049999999999727,32.543749999999996,31.496,True,89.77174570588947,c10-k10000,156.43055089693243,c10-k10000,False,keep,keep,218.41000000000008,218.41000000000008
horizontal_panel_lower_right_1,main_lower_right,base_rail_service_lower_right,original,Horizontal service/seam rail attachment,"[0.0, -0.766044443118978, 0.6427876096865393]",307.46000000000004,1050.1499999999999,307.46000000000004,218.41000000000008,873.6400000000001,19.050000000000487,169.05000000000018,32.543749999999996,31.496,True,14.23296239074245,c10-k10000,77.88884154732081,c10-k10000,False,keep,keep,218.41000000000008,218.41000000000008
horizontal_panel_lower_right_2,main_lower_right,base_rail_service_lower_right,original,Horizontal service/seam rail attachment,"[0.0, -0.766044443118978, 0.6427876096865393]",525.8700000000001,1050.1499999999999,525.8700000000001,436.82000000000016,655.23,19.050000000000487,169.05000000000018,32.543749999999996,31.496,True,18.991131069475035,f10-k1000,33.63761088871283,c10-k10000,False,keep,keep,218.40999999999997,218.40999999999997
horizontal_panel_lower_right_3,main_lower_right,base_rail_service_lower_right,original,Horizontal service/seam rail attachment,"[0.0, -0.766044443118978, 0.6427876096865393]",744.2800000000001,1050.1499999999999,744.2800000000001,655.2300000000001,436.82000000000005,19.050000000000487,169.05000000000018,32.543749999999996,31.496,True,18.01547078078874,f10-k1000,39.549841416979156,c10-k10000,False,keep,keep,218.40999999999997,218.40999999999997
horizontal_panel_lower_right_4,main_lower_right,base_rail_service_lower_right,original,Horizontal service/seam rail attachment,"[0.0, -0.766044443118978, 0.6427876096865393]",962.6900000000002,1050.1499999999999,962.6900000000002,873.6400000000002,218.40999999999997,19.050000000000487,169.05000000000018,32.543749999999996,31.496,True,4.581457143350758,c10-k10000,76.33253752131928,c10-k10000,False,keep,keep,218.41000000000008,218.41000000000008
horizontal_panel_upper_right_1,main_upper_right,base_rail_service_upper_right,original,Horizontal service/seam rail attachment,"[0.0, -0.766044443118978, 0.6427876096865393]",307.46000000000004,1238.2499999999998,307.46000000000004,218.41000000000008,873.6400000000001,19.050000000000566,19.049999999999727,32.543749999999996,31.496,True,0.25406240027861693,c10-k10000,39.612141818658536,c10-k100,False,keep,keep,218.41000000000008,218.41000000000008
horizontal_panel_upper_right_2,main_upper_right,base_rail_service_upper_right,original,Horizontal service/seam rail attachment,"[0.0, -0.766044443118978, 0.6427876096865393]",525.8700000000001,1238.2499999999998,525.8700000000001,436.82000000000016,655.23,19.050000000000566,19.049999999999727,32.543749999999996,31.496,True,16.72623366679201,f10-k1000,19.266328123585193,c10-k10000,False,keep,keep,218.40999999999997,218.40999999999997
horizontal_panel_upper_right_3,main_upper_right,base_rail_service_upper_right,original,Horizontal service/seam rail attachment,"[0.0, -0.766044443118978, 0.6427876096865393]",744.2800000000001,1238.2499999999998,744.2800000000001,655.2300000000001,436.82000000000005,19.050000000000566,19.049999999999727,32.543749999999996,31.496,True,16.111487590640685,f10-k1000,27.772862714774654,c10-k10000,False,keep,keep,218.40999999999997,218.40999999999997
horizontal_panel_upper_right_4,main_upper_right,base_rail_service_upper_right,original,Horizontal service/seam rail attachment,"[0.0, -0.766044443118978, 0.6427876096865393]",962.6900000000002,1238.2499999999998,962.6900000000002,873.6400000000002,218.40999999999997,19.050000000000566,19.049999999999727,32.543749999999996,31.496,True,5.722973184927862,c10-k10000,50.126298131159004,c10-k100,False,keep,keep,218.41000000000008,218.41000000000008
