connection,kind,members,x_mm,y_mm,z_mm,x_in,y_in,z_in,axis_x,axis_y,axis_z,length_mm,length_in,diameter_mm,diameter_in,grip_mm,grip_in,status
analysis_leg_wall_bolt_left_1,bolt,lean_edge_left_upper + box_side_left + leg_left_inner + leg_left_outer,-1179.068,901.3593768170904,1463.8931115651142,-46.42,35.486589638468125,57.633587069492684,-1.0,0.0,0.0,139.7,5.5,9.525,0.37500000000000006,114.3,4.5,Provisional Conquest-family 3/8-16 x5.5in leg bolt; fit/strength unqualified
analysis_leg_wall_bolt_left_2,bolt,lean_edge_left_upper + box_side_left + leg_left_inner + leg_left_outer,-1179.068,952.7823855920134,1525.1766670146324,-46.42,37.51111754299266,60.04632547301703,-1.0,0.0,0.0,139.7,5.5,9.525,0.37500000000000006,114.3,4.5,Provisional Conquest-family 3/8-16 x5.5in leg bolt; fit/strength unqualified
analysis_leg_wall_bolt_left_3,bolt,lean_edge_left_upper + box_side_left + leg_left_inner + leg_left_outer,-1179.068,1029.9168987543983,1617.1020001889096,-46.42,40.54790939977946,63.665433078303536,-1.0,0.0,0.0,139.7,5.5,9.525,0.37500000000000006,114.3,4.5,Provisional Conquest-family 3/8-16 x5.5in leg bolt; fit/strength unqualified
analysis_leg_wall_bolt_left_4,bolt,lean_edge_left_upper + box_side_left + leg_left_inner + leg_left_outer,-1179.068,1081.3399075293212,1678.385555638428,-46.42,42.57243730430399,66.07817148182788,-1.0,0.0,0.0,139.7,5.5,9.525,0.37500000000000006,114.3,4.5,Provisional Conquest-family 3/8-16 x5.5in leg bolt; fit/strength unqualified
analysis_leg_wall_bolt_right_1,bolt,lean_edge_right_upper + box_side_right + leg_right_inner + leg_right_outer,1179.068,901.3593768170904,1463.8931115651142,46.42,35.486589638468125,57.633587069492684,1.0,0.0,0.0,139.7,5.5,9.525,0.37500000000000006,114.3,4.5,Provisional Conquest-family 3/8-16 x5.5in leg bolt; fit/strength unqualified
analysis_leg_wall_bolt_right_2,bolt,lean_edge_right_upper + box_side_right + leg_right_inner + leg_right_outer,1179.068,952.7823855920134,1525.1766670146324,46.42,37.51111754299266,60.04632547301703,1.0,0.0,0.0,139.7,5.5,9.525,0.37500000000000006,114.3,4.5,Provisional Conquest-family 3/8-16 x5.5in leg bolt; fit/strength unqualified
analysis_leg_wall_bolt_right_3,bolt,lean_edge_right_upper + box_side_right + leg_right_inner + leg_right_outer,1179.068,1029.9168987543983,1617.1020001889096,46.42,40.54790939977946,63.665433078303536,1.0,0.0,0.0,139.7,5.5,9.525,0.37500000000000006,114.3,4.5,Provisional Conquest-family 3/8-16 x5.5in leg bolt; fit/strength unqualified
analysis_leg_wall_bolt_right_4,bolt,lean_edge_right_upper + box_side_right + leg_right_inner + leg_right_outer,1179.068,1081.3399075293212,1678.385555638428,46.42,42.57243730430399,66.07817148182788,1.0,0.0,0.0,139.7,5.5,9.525,0.37500000000000006,114.3,4.5,Provisional Conquest-family 3/8-16 x5.5in leg bolt; fit/strength unqualified
kicker_left_bottom_0,screw,kicker_left + kicker_batten_bottom,-1169.2,-17.743750000000002,25.0,-46.03149606299213,-0.6985728346456694,0.984251968503937,0.0,-1.0,0.0,50.8,2.0,4.3942,0.173,0.0,0.0,SELECTED GRK R4 Climatek #9 x 2 in; 103099; dimensional inspection envelope only; hex rotation bounded by cylinder; screw head/seat allowances are project assumptions; receiving holes and resistance require verification
kicker_left_top_0,screw,kicker_left + kicker_batten_top,-1169.2,-17.743750000000002,200.0,-46.03149606299213,-0.6985728346456694,7.874015748031496,0.0,-1.0,0.0,50.8,2.0,4.3942,0.173,0.0,0.0,SELECTED GRK R4 Climatek #9 x 2 in; 103099; dimensional inspection envelope only; hex rotation bounded by cylinder; screw head/seat allowances are project assumptions; receiving holes and resistance require verification
kicker_left_bottom_1,screw,kicker_left + kicker_batten_bottom,-791.1333333333334,-17.743750000000002,25.0,-31.146981627296594,-0.6985728346456694,0.984251968503937,0.0,-1.0,0.0,50.8,2.0,4.3942,0.173,0.0,0.0,SELECTED GRK R4 Climatek #9 x 2 in; 103099; dimensional inspection envelope only; hex rotation bounded by cylinder; screw head/seat allowances are project assumptions; receiving holes and resistance require verification
kicker_left_top_1,screw,kicker_left + kicker_batten_top,-791.1333333333334,-17.743750000000002,200.0,-31.146981627296594,-0.6985728346456694,7.874015748031496,0.0,-1.0,0.0,50.8,2.0,4.3942,0.173,0.0,0.0,SELECTED GRK R4 Climatek #9 x 2 in; 103099; dimensional inspection envelope only; hex rotation bounded by cylinder; screw head/seat allowances are project assumptions; receiving holes and resistance require verification
kicker_left_bottom_2,screw,kicker_left + kicker_batten_bottom,-447.0666666666667,-17.743750000000002,25.0,-17.601049868766406,-0.6985728346456694,0.984251968503937,0.0,-1.0,0.0,50.8,2.0,4.3942,0.173,0.0,0.0,SELECTED GRK R4 Climatek #9 x 2 in; 103099; dimensional inspection envelope only; hex rotation bounded by cylinder; screw head/seat allowances are project assumptions; receiving holes and resistance require verification
kicker_left_top_2,screw,kicker_left + kicker_batten_top,-447.0666666666667,-17.743750000000002,200.0,-17.601049868766406,-0.6985728346456694,7.874015748031496,0.0,-1.0,0.0,50.8,2.0,4.3942,0.173,0.0,0.0,SELECTED GRK R4 Climatek #9 x 2 in; 103099; dimensional inspection envelope only; hex rotation bounded by cylinder; screw head/seat allowances are project assumptions; receiving holes and resistance require verification
kicker_left_bottom_3,screw,kicker_left + kicker_batten_bottom,-50.0,-17.743750000000002,25.0,-1.968503937007874,-0.6985728346456694,0.984251968503937,0.0,-1.0,0.0,50.8,2.0,4.3942,0.173,0.0,0.0,SELECTED GRK R4 Climatek #9 x 2 in; 103099; dimensional inspection envelope only; hex rotation bounded by cylinder; screw head/seat allowances are project assumptions; receiving holes and resistance require verification
kicker_left_top_3,screw,kicker_left + kicker_batten_top,-50.0,-17.743750000000002,200.0,-1.968503937007874,-0.6985728346456694,7.874015748031496,0.0,-1.0,0.0,50.8,2.0,4.3942,0.173,0.0,0.0,SELECTED GRK R4 Climatek #9 x 2 in; 103099; dimensional inspection envelope only; hex rotation bounded by cylinder; screw head/seat allowances are project assumptions; receiving holes and resistance require verification
kicker_right_bottom_0,screw,kicker_right + kicker_batten_bottom,50.0,-17.743750000000002,25.0,1.968503937007874,-0.6985728346456694,0.984251968503937,0.0,-1.0,0.0,50.8,2.0,4.3942,0.173,0.0,0.0,SELECTED GRK R4 Climatek #9 x 2 in; 103099; dimensional inspection envelope only; hex rotation bounded by cylinder; screw head/seat allowances are project assumptions; receiving holes and resistance require verification
kicker_right_top_0,screw,kicker_right + kicker_batten_top,50.0,-17.743750000000002,200.0,1.968503937007874,-0.6985728346456694,7.874015748031496,0.0,-1.0,0.0,50.8,2.0,4.3942,0.173,0.0,0.0,SELECTED GRK R4 Climatek #9 x 2 in; 103099; dimensional inspection envelope only; hex rotation bounded by cylinder; screw head/seat allowances are project assumptions; receiving holes and resistance require verification
kicker_right_bottom_1,screw,kicker_right + kicker_batten_bottom,423.06666666666666,-17.743750000000002,25.0,16.656167979002625,-0.6985728346456694,0.984251968503937,0.0,-1.0,0.0,50.8,2.0,4.3942,0.173,0.0,0.0,SELECTED GRK R4 Climatek #9 x 2 in; 103099; dimensional inspection envelope only; hex rotation bounded by cylinder; screw head/seat allowances are project assumptions; receiving holes and resistance require verification
kicker_right_top_1,screw,kicker_right + kicker_batten_top,423.06666666666666,-17.743750000000002,200.0,16.656167979002625,-0.6985728346456694,7.874015748031496,0.0,-1.0,0.0,50.8,2.0,4.3942,0.173,0.0,0.0,SELECTED GRK R4 Climatek #9 x 2 in; 103099; dimensional inspection envelope only; hex rotation bounded by cylinder; screw head/seat allowances are project assumptions; receiving holes and resistance require verification
kicker_right_bottom_2,screw,kicker_right + kicker_batten_bottom,809.1333333333333,-17.743750000000002,25.0,31.855643044619423,-0.6985728346456694,0.984251968503937,0.0,-1.0,0.0,50.8,2.0,4.3942,0.173,0.0,0.0,SELECTED GRK R4 Climatek #9 x 2 in; 103099; dimensional inspection envelope only; hex rotation bounded by cylinder; screw head/seat allowances are project assumptions; receiving holes and resistance require verification
kicker_right_top_2,screw,kicker_right + kicker_batten_top,809.1333333333333,-17.743750000000002,200.0,31.855643044619423,-0.6985728346456694,7.874015748031496,0.0,-1.0,0.0,50.8,2.0,4.3942,0.173,0.0,0.0,SELECTED GRK R4 Climatek #9 x 2 in; 103099; dimensional inspection envelope only; hex rotation bounded by cylinder; screw head/seat allowances are project assumptions; receiving holes and resistance require verification
kicker_right_bottom_3,screw,kicker_right + kicker_batten_bottom,1169.2,-17.743750000000002,25.0,46.03149606299213,-0.6985728346456694,0.984251968503937,0.0,-1.0,0.0,50.8,2.0,4.3942,0.173,0.0,0.0,SELECTED GRK R4 Climatek #9 x 2 in; 103099; dimensional inspection envelope only; hex rotation bounded by cylinder; screw head/seat allowances are project assumptions; receiving holes and resistance require verification
kicker_right_top_3,screw,kicker_right + kicker_batten_top,1169.2,-17.743750000000002,200.0,46.03149606299213,-0.6985728346456694,7.874015748031496,0.0,-1.0,0.0,50.8,2.0,4.3942,0.173,0.0,0.0,SELECTED GRK R4 Climatek #9 x 2 in; 103099; dimensional inspection envelope only; hex rotation bounded by cylinder; screw head/seat allowances are project assumptions; receiving holes and resistance require verification
cheek_splice_left_1,screw,cheek_splice_left_inner + cheek_splice_left_outer + kicker_cheek_left,-1181.1000000000001,-118.78385981312141,257.35140802452173,-46.50000000000001,-4.676529913902418,10.131945197815817,-1.0,0.0,0.0,63.5,2.5,4.3942,0.173,0.0,0.0,SELECTED GRK R4 Climatek #9 x 2.5 in; 103101; dimensional inspection envelope only; hex rotation bounded by cylinder; screw head/seat allowances are project assumptions; receiving holes and resistance require verification
cheek_splice_left_2,screw,cheek_splice_left_inner + cheek_splice_left_outer + kicker_cheek_left,-1181.1000000000001,-132.12337896139266,288.12570296190256,-46.50000000000001,-5.201707833125695,11.34353161267333,-1.0,0.0,0.0,63.5,2.5,4.3942,0.173,0.0,0.0,SELECTED GRK R4 Climatek #9 x 2.5 in; 103101; dimensional inspection envelope only; hex rotation bounded by cylinder; screw head/seat allowances are project assumptions; receiving holes and resistance require verification
cheek_splice_left_3,screw,cheek_splice_left_inner + cheek_splice_left_outer + box_side_left,-1181.1000000000001,-49.44230829454821,316.6535937599317,-46.50000000000001,-1.9465475706515045,12.466676919682351,-1.0,0.0,0.0,63.5,2.5,4.3942,0.173,0.0,0.0,SELECTED GRK R4 Climatek #9 x 2.5 in; 103101; dimensional inspection envelope only; hex rotation bounded by cylinder; screw head/seat allowances are project assumptions; receiving holes and resistance require verification
cheek_splice_left_4,screw,cheek_splice_left_inner + cheek_splice_left_outer + box_side_left,-1181.1000000000001,-80.08408601930734,342.36509814739327,-46.50000000000001,-3.1529167724136746,13.478940871944618,-1.0,0.0,0.0,63.5,2.5,4.3942,0.173,0.0,0.0,SELECTED GRK R4 Climatek #9 x 2.5 in; 103101; dimensional inspection envelope only; hex rotation bounded by cylinder; screw head/seat allowances are project assumptions; receiving holes and resistance require verification
cheek_splice_right_1,screw,cheek_splice_right_inner + cheek_splice_right_outer + kicker_cheek_right,1181.1000000000001,-118.78385981312141,257.35140802452173,46.50000000000001,-4.676529913902418,10.131945197815817,1.0,0.0,0.0,63.5,2.5,4.3942,0.173,0.0,0.0,SELECTED GRK R4 Climatek #9 x 2.5 in; 103101; dimensional inspection envelope only; hex rotation bounded by cylinder; screw head/seat allowances are project assumptions; receiving holes and resistance require verification
cheek_splice_right_2,screw,cheek_splice_right_inner + cheek_splice_right_outer + kicker_cheek_right,1181.1000000000001,-132.12337896139266,288.12570296190256,46.50000000000001,-5.201707833125695,11.34353161267333,1.0,0.0,0.0,63.5,2.5,4.3942,0.173,0.0,0.0,SELECTED GRK R4 Climatek #9 x 2.5 in; 103101; dimensional inspection envelope only; hex rotation bounded by cylinder; screw head/seat allowances are project assumptions; receiving holes and resistance require verification
cheek_splice_right_3,screw,cheek_splice_right_inner + cheek_splice_right_outer + box_side_right,1181.1000000000001,-49.44230829454821,316.6535937599317,46.50000000000001,-1.9465475706515045,12.466676919682351,1.0,0.0,0.0,63.5,2.5,4.3942,0.173,0.0,0.0,SELECTED GRK R4 Climatek #9 x 2.5 in; 103101; dimensional inspection envelope only; hex rotation bounded by cylinder; screw head/seat allowances are project assumptions; receiving holes and resistance require verification
cheek_splice_right_4,screw,cheek_splice_right_inner + cheek_splice_right_outer + box_side_right,1181.1000000000001,-80.08408601930734,342.36509814739327,46.50000000000001,-3.1529167724136746,13.478940871944618,1.0,0.0,0.0,63.5,2.5,4.3942,0.173,0.0,0.0,SELECTED GRK R4 Climatek #9 x 2.5 in; 103101; dimensional inspection envelope only; hex rotation bounded by cylinder; screw head/seat allowances are project assumptions; receiving holes and resistance require verification
leg_stitch_left_1,bolt,leg_left_inner + leg_left_outer,-1255.649,971.0333737790937,1134.3443559823804,-49.434999999999995,38.22966038500369,44.65922661347955,-1.0,0.0,0.0,57.15,2.25,9.525,0.37500000000000006,38.1,1.5000000000000002,SELECTED Conquest 3/8-16 A307 Grade A plain standard hex bolt; dimensional inspection envelope only; hex rotation bounded by cylinder; screw head/seat allowances are project assumptions; receiving holes and resistance require verification
leg_stitch_left_2,bolt,leg_left_inner + leg_left_outer,-1255.649,1133.3952540938872,708.9652224889878,-49.434999999999995,44.621860397397136,27.91201663342472,-1.0,0.0,0.0,57.15,2.25,9.525,0.37500000000000006,38.1,1.5000000000000002,SELECTED Conquest 3/8-16 A307 Grade A plain standard hex bolt; dimensional inspection envelope only; hex rotation bounded by cylinder; screw head/seat allowances are project assumptions; receiving holes and resistance require verification
leg_stitch_left_3,bolt,leg_left_inner + leg_left_outer,-1255.649,1295.7571344086807,283.586088995595,-49.434999999999995,51.01406040979058,11.164806653369881,-1.0,0.0,0.0,57.15,2.25,9.525,0.37500000000000006,38.1,1.5000000000000002,SELECTED Conquest 3/8-16 A307 Grade A plain standard hex bolt; dimensional inspection envelope only; hex rotation bounded by cylinder; screw head/seat allowances are project assumptions; receiving holes and resistance require verification
leg_stitch_right_1,bolt,leg_right_inner + leg_right_outer,1255.649,971.0333737790937,1134.3443559823804,49.434999999999995,38.22966038500369,44.65922661347955,1.0,0.0,0.0,57.15,2.25,9.525,0.37500000000000006,38.1,1.5000000000000002,SELECTED Conquest 3/8-16 A307 Grade A plain standard hex bolt; dimensional inspection envelope only; hex rotation bounded by cylinder; screw head/seat allowances are project assumptions; receiving holes and resistance require verification
leg_stitch_right_2,bolt,leg_right_inner + leg_right_outer,1255.649,1133.3952540938872,708.9652224889878,49.434999999999995,44.621860397397136,27.91201663342472,1.0,0.0,0.0,57.15,2.25,9.525,0.37500000000000006,38.1,1.5000000000000002,SELECTED Conquest 3/8-16 A307 Grade A plain standard hex bolt; dimensional inspection envelope only; hex rotation bounded by cylinder; screw head/seat allowances are project assumptions; receiving holes and resistance require verification
leg_stitch_right_3,bolt,leg_right_inner + leg_right_outer,1255.649,1295.7571344086807,283.586088995595,49.434999999999995,51.01406040979058,11.164806653369881,1.0,0.0,0.0,57.15,2.25,9.525,0.37500000000000006,38.1,1.5000000000000002,SELECTED Conquest 3/8-16 A307 Grade A plain standard hex bolt; dimensional inspection envelope only; hex rotation bounded by cylinder; screw head/seat allowances are project assumptions; receiving holes and resistance require verification
wood_kicker_block_face_left_bottom,screw,kicker_batten_bottom + wood_kicker_block_left_bottom,-1181.1000000000001,-36.0,25.0,-46.50000000000001,-1.4173228346456694,0.984251968503937,0.0,-1.0,0.0,63.5,2.5,4.826,0.19,0.0,0.0,"PROVISIONAL ordinary commercial wood-screw envelope; exact SKU, pilot, head seat, engagement and resistance unqualified"
wood_kicker_block_side_left_bottom,screw,kicker_cheek_left + wood_kicker_block_left_bottom,-1257.3,-93.15,25.0,-49.5,-3.66732283464567,0.984251968503937,1.0,0.0,0.0,63.5,2.5,4.826,0.19,0.0,0.0,"PROVISIONAL ordinary commercial wood-screw envelope; exact SKU, pilot, head seat, engagement and resistance unqualified"
wood_kicker_block_face_left_top,screw,kicker_batten_top + wood_kicker_block_left_top,-1143.0,-36.0,200.0,-45.0,-1.4173228346456694,7.874015748031496,0.0,-1.0,0.0,63.5,2.5,4.826,0.19,0.0,0.0,"PROVISIONAL ordinary commercial wood-screw envelope; exact SKU, pilot, head seat, engagement and resistance unqualified"
wood_kicker_block_side_left_top,screw,kicker_cheek_left + cheek_splice_left_outer + cheek_splice_left_inner + wood_kicker_block_left_top,-1257.3,-93.15,200.0,-49.5,-3.66732283464567,7.874015748031496,1.0,0.0,0.0,101.6,4.0,4.826,0.19,0.0,0.0,"PROVISIONAL ordinary commercial wood-screw envelope; exact SKU, pilot, head seat, engagement and resistance unqualified"
wood_kicker_block_face_right_bottom,screw,kicker_batten_bottom + wood_kicker_block_right_bottom,1181.1000000000001,-36.0,25.0,46.50000000000001,-1.4173228346456694,0.984251968503937,0.0,-1.0,0.0,63.5,2.5,4.826,0.19,0.0,0.0,"PROVISIONAL ordinary commercial wood-screw envelope; exact SKU, pilot, head seat, engagement and resistance unqualified"
wood_kicker_block_side_right_bottom,screw,kicker_cheek_right + wood_kicker_block_right_bottom,1257.3,-93.15,25.0,49.5,-3.66732283464567,0.984251968503937,-1.0,0.0,0.0,63.5,2.5,4.826,0.19,0.0,0.0,"PROVISIONAL ordinary commercial wood-screw envelope; exact SKU, pilot, head seat, engagement and resistance unqualified"
wood_kicker_block_face_right_top,screw,kicker_batten_top + wood_kicker_block_right_top,1143.0,-36.0,200.0,45.0,-1.4173228346456694,7.874015748031496,0.0,-1.0,0.0,63.5,2.5,4.826,0.19,0.0,0.0,"PROVISIONAL ordinary commercial wood-screw envelope; exact SKU, pilot, head seat, engagement and resistance unqualified"
wood_kicker_block_side_right_top,screw,kicker_cheek_right + cheek_splice_right_outer + cheek_splice_right_inner + wood_kicker_block_right_top,1257.3,-93.15,200.0,49.5,-3.66732283464567,7.874015748031496,-1.0,0.0,0.0,101.6,4.0,4.826,0.19,0.0,0.0,"PROVISIONAL ordinary commercial wood-screw envelope; exact SKU, pilot, head seat, engagement and resistance unqualified"
easy_lower_corner_front_left,screw,wood_rail_lower + easy_lower_corner_left,-1155.7,-16.329757963180334,254.99354583136912,-45.50000000000001,-0.6429038568181235,10.039115977612958,0.0,-0.766044443118978,0.6427876096865393,63.5,2.5,4.826,0.19,0.0,0.0,"PROVISIONAL ordinary commercial wood-screw envelope; exact SKU, pilot, head seat, engagement and resistance unqualified"
easy_lower_corner_side_left,screw,box_side_left + cheek_splice_left_outer + cheek_splice_left_inner + easy_lower_corner_left,-1257.3,-30.026737754099898,327.57973766292304,-49.5,-1.1821550296889725,12.896840065469412,1.0,0.0,0.0,101.6,4.0,4.826,0.19,0.0,0.0,"PROVISIONAL ordinary commercial wood-screw envelope; exact SKU, pilot, head seat, engagement and resistance unqualified"
easy_lower_corner_front_right,screw,wood_rail_lower + easy_lower_corner_right,1155.7,-16.329757963180334,254.99354583136912,45.50000000000001,-0.6429038568181235,10.039115977612958,0.0,-0.766044443118978,0.6427876096865393,63.5,2.5,4.826,0.19,0.0,0.0,"PROVISIONAL ordinary commercial wood-screw envelope; exact SKU, pilot, head seat, engagement and resistance unqualified"
easy_lower_corner_side_right,screw,box_side_right + cheek_splice_right_outer + cheek_splice_right_inner + easy_lower_corner_right,1257.3,-30.026737754099898,327.57973766292304,49.5,-1.1821550296889725,12.896840065469412,-1.0,0.0,0.0,101.6,4.0,4.826,0.19,0.0,0.0,"PROVISIONAL ordinary commercial wood-screw envelope; exact SKU, pilot, head seat, engagement and resistance unqualified"
lean_panel_lower_left_1,screw,main_lower_left + wood_rail_lower,-1200.15,-5.558597146922189,239.42843231643434,-47.25000000000001,-0.21884240735914132,9.426316232930485,0.0,-0.766044443118978,0.6427876096865393,50.8,2.0,4.3942,0.173,0.0,0.0,"PROVISIONAL ordinary commercial wood-screw envelope; exact SKU, pilot, head seat, engagement and resistance unqualified"
lean_panel_lower_left_2,screw,main_lower_left + wood_rail_lower,-819.1500000000001,-5.558597146922189,239.42843231643434,-32.25000000000001,-0.21884240735914132,9.426316232930485,0.0,-0.766044443118978,0.6427876096865393,50.8,2.0,4.3942,0.173,0.0,0.0,"PROVISIONAL ordinary commercial wood-screw envelope; exact SKU, pilot, head seat, engagement and resistance unqualified"
lean_panel_lower_left_3,screw,main_lower_left + wood_rail_lower,-438.1500000000001,-5.558597146922189,239.42843231643434,-17.250000000000004,-0.21884240735914132,9.426316232930485,0.0,-0.766044443118978,0.6427876096865393,50.8,2.0,4.3942,0.173,0.0,0.0,"PROVISIONAL ordinary commercial wood-screw envelope; exact SKU, pilot, head seat, engagement and resistance unqualified"
lean_panel_lower_left_4,screw,main_lower_left + wood_rail_lower,-57.15000000000009,-5.558597146922189,239.42843231643434,-2.2500000000000036,-0.21884240735914132,9.426316232930485,0.0,-0.766044443118978,0.6427876096865393,50.8,2.0,4.3942,0.173,0.0,0.0,"PROVISIONAL ordinary commercial wood-screw envelope; exact SKU, pilot, head seat, engagement and resistance unqualified"
lean_panel_lower_left_5,screw,main_lower_left + lean_beam_mid_lower_left,-1200.15,753.6378486538493,1144.2035240842595,-47.25000000000001,29.670781443064936,45.04738283796297,0.0,-0.766044443118978,0.6427876096865393,50.8,2.0,4.3942,0.173,0.0,0.0,"PROVISIONAL ordinary commercial wood-screw envelope; exact SKU, pilot, head seat, engagement and resistance unqualified"
lean_panel_lower_left_6,screw,main_lower_left + lean_beam_mid_lower_left,-799.1500000000001,753.6378486538493,1144.2035240842595,-31.462598425196855,29.670781443064936,45.04738283796297,0.0,-0.766044443118978,0.6427876096865393,50.8,2.0,4.3942,0.173,0.0,0.0,"PROVISIONAL ordinary commercial wood-screw envelope; exact SKU, pilot, head seat, engagement and resistance unqualified"
lean_panel_lower_left_7,screw,main_lower_left + lean_beam_mid_lower_left,-439.1500000000001,753.6378486538493,1144.2035240842595,-17.289370078740163,29.670781443064936,45.04738283796297,0.0,-0.766044443118978,0.6427876096865393,50.8,2.0,4.3942,0.173,0.0,0.0,"PROVISIONAL ordinary commercial wood-screw envelope; exact SKU, pilot, head seat, engagement and resistance unqualified"
lean_panel_lower_left_8,screw,main_lower_left + lean_principal_left,-57.15000000000009,753.6378486538493,1144.2035240842595,-2.2500000000000036,29.670781443064936,45.04738283796297,0.0,-0.766044443118978,0.6427876096865393,50.8,2.0,4.3942,0.173,0.0,0.0,"PROVISIONAL ordinary commercial wood-screw envelope; exact SKU, pilot, head seat, engagement and resistance unqualified"
lean_panel_lower_left_9,screw,main_lower_left + lean_edge_left_lower,-1200.15,247.5068847866683,541.020129572376,-47.25000000000001,9.744365542782218,21.30000510127465,0.0,-0.766044443118978,0.6427876096865393,50.8,2.0,4.3942,0.173,0.0,0.0,"PROVISIONAL ordinary commercial wood-screw envelope; exact SKU, pilot, head seat, engagement and resistance unqualified"
lean_panel_lower_left_10,screw,main_lower_left + lean_edge_left_lower,-1200.15,500.57236672025886,842.6118268283177,-47.25000000000001,19.70757349292358,33.17369396961881,0.0,-0.766044443118978,0.6427876096865393,50.8,2.0,4.3942,0.173,0.0,0.0,"PROVISIONAL ordinary commercial wood-screw envelope; exact SKU, pilot, head seat, engagement and resistance unqualified"
lean_panel_lower_left_11,screw,main_lower_left + lean_principal_left,-57.15,247.5068847866683,541.020129572376,-2.25,9.744365542782218,21.30000510127465,0.0,-0.766044443118978,0.6427876096865393,50.8,2.0,4.3942,0.173,0.0,0.0,"PROVISIONAL ordinary commercial wood-screw envelope; exact SKU, pilot, head seat, engagement and resistance unqualified"
lean_panel_lower_left_12,screw,main_lower_left + lean_principal_left,-57.15,500.57236672025886,842.6118268283177,-2.25,19.70757349292358,33.17369396961881,0.0,-0.766044443118978,0.6427876096865393,50.8,2.0,4.3942,0.173,0.0,0.0,"PROVISIONAL ordinary commercial wood-screw envelope; exact SKU, pilot, head seat, engagement and resistance unqualified"
lean_panel_lower_right_1,screw,main_lower_right + wood_rail_lower,19.05,-5.558597146922189,239.42843231643434,0.7500000000000001,-0.21884240735914132,9.426316232930485,0.0,-0.766044443118978,0.6427876096865393,50.8,2.0,4.3942,0.173,0.0,0.0,"PROVISIONAL ordinary commercial wood-screw envelope; exact SKU, pilot, head seat, engagement and resistance unqualified"
lean_panel_lower_right_2,screw,main_lower_right + wood_rail_lower,412.75000000000006,-5.558597146922189,239.42843231643434,16.250000000000004,-0.21884240735914132,9.426316232930485,0.0,-0.766044443118978,0.6427876096865393,50.8,2.0,4.3942,0.173,0.0,0.0,"PROVISIONAL ordinary commercial wood-screw envelope; exact SKU, pilot, head seat, engagement and resistance unqualified"
lean_panel_lower_right_3,screw,main_lower_right + wood_rail_lower,806.45,-5.558597146922189,239.42843231643434,31.750000000000004,-0.21884240735914132,9.426316232930485,0.0,-0.766044443118978,0.6427876096865393,50.8,2.0,4.3942,0.173,0.0,0.0,"PROVISIONAL ordinary commercial wood-screw envelope; exact SKU, pilot, head seat, engagement and resistance unqualified"
lean_panel_lower_right_4,screw,main_lower_right + wood_rail_lower,1200.15,-5.558597146922189,239.42843231643434,47.25000000000001,-0.21884240735914132,9.426316232930485,0.0,-0.766044443118978,0.6427876096865393,50.8,2.0,4.3942,0.173,0.0,0.0,"PROVISIONAL ordinary commercial wood-screw envelope; exact SKU, pilot, head seat, engagement and resistance unqualified"
lean_panel_lower_right_5,screw,main_lower_right + lean_principal_right,19.05,753.6378486538493,1144.2035240842595,0.7500000000000001,29.670781443064936,45.04738283796297,0.0,-0.766044443118978,0.6427876096865393,50.8,2.0,4.3942,0.173,0.0,0.0,"PROVISIONAL ordinary commercial wood-screw envelope; exact SKU, pilot, head seat, engagement and resistance unqualified"
lean_panel_lower_right_6,screw,main_lower_right + lean_beam_mid_lower_right,412.75000000000006,753.6378486538493,1144.2035240842595,16.250000000000004,29.670781443064936,45.04738283796297,0.0,-0.766044443118978,0.6427876096865393,50.8,2.0,4.3942,0.173,0.0,0.0,"PROVISIONAL ordinary commercial wood-screw envelope; exact SKU, pilot, head seat, engagement and resistance unqualified"
lean_panel_lower_right_7,screw,main_lower_right + lean_beam_mid_lower_right,806.45,753.6378486538493,1144.2035240842595,31.750000000000004,29.670781443064936,45.04738283796297,0.0,-0.766044443118978,0.6427876096865393,50.8,2.0,4.3942,0.173,0.0,0.0,"PROVISIONAL ordinary commercial wood-screw envelope; exact SKU, pilot, head seat, engagement and resistance unqualified"
lean_panel_lower_right_8,screw,main_lower_right + lean_beam_mid_lower_right,1200.15,753.6378486538493,1144.2035240842595,47.25000000000001,29.670781443064936,45.04738283796297,0.0,-0.766044443118978,0.6427876096865393,50.8,2.0,4.3942,0.173,0.0,0.0,"PROVISIONAL ordinary commercial wood-screw envelope; exact SKU, pilot, head seat, engagement and resistance unqualified"
lean_panel_lower_right_9,screw,main_lower_right + lean_principal_right,19.05,247.5068847866683,541.020129572376,0.7500000000000001,9.744365542782218,21.30000510127465,0.0,-0.766044443118978,0.6427876096865393,50.8,2.0,4.3942,0.173,0.0,0.0,"PROVISIONAL ordinary commercial wood-screw envelope; exact SKU, pilot, head seat, engagement and resistance unqualified"
lean_panel_lower_right_10,screw,main_lower_right + lean_principal_right,19.05,500.57236672025886,842.6118268283177,0.7500000000000001,19.70757349292358,33.17369396961881,0.0,-0.766044443118978,0.6427876096865393,50.8,2.0,4.3942,0.173,0.0,0.0,"PROVISIONAL ordinary commercial wood-screw envelope; exact SKU, pilot, head seat, engagement and resistance unqualified"
lean_panel_lower_right_11,screw,main_lower_right + lean_edge_right_lower,1200.15,247.5068847866683,541.020129572376,47.25000000000001,9.744365542782218,21.30000510127465,0.0,-0.766044443118978,0.6427876096865393,50.8,2.0,4.3942,0.173,0.0,0.0,"PROVISIONAL ordinary commercial wood-screw envelope; exact SKU, pilot, head seat, engagement and resistance unqualified"
lean_panel_lower_right_12,screw,main_lower_right + lean_edge_right_lower,1200.15,500.57236672025886,842.6118268283177,47.25000000000001,19.70757349292358,33.17369396961881,0.0,-0.766044443118978,0.6427876096865393,50.8,2.0,4.3942,0.173,0.0,0.0,"PROVISIONAL ordinary commercial wood-screw envelope; exact SKU, pilot, head seat, engagement and resistance unqualified"
lean_panel_upper_left_1,screw,main_upper_left + lean_beam_mid_upper_left,-1200.15,778.1280565829064,1173.3898173670925,-47.25000000000001,30.634962857594743,46.19644950264144,0.0,-0.766044443118978,0.6427876096865393,50.8,2.0,4.3942,0.173,0.0,0.0,"PROVISIONAL ordinary commercial wood-screw envelope; exact SKU, pilot, head seat, engagement and resistance unqualified"
lean_panel_upper_left_2,screw,main_upper_left + lean_beam_mid_upper_left,-819.1500000000001,778.1280565829064,1173.3898173670925,-32.25000000000001,30.634962857594743,46.19644950264144,0.0,-0.766044443118978,0.6427876096865393,50.8,2.0,4.3942,0.173,0.0,0.0,"PROVISIONAL ordinary commercial wood-screw envelope; exact SKU, pilot, head seat, engagement and resistance unqualified"
lean_panel_upper_left_3,screw,main_upper_left + lean_beam_mid_upper_left,-438.1500000000001,778.1280565829064,1173.3898173670925,-17.250000000000004,30.634962857594743,46.19644950264144,0.0,-0.766044443118978,0.6427876096865393,50.8,2.0,4.3942,0.173,0.0,0.0,"PROVISIONAL ordinary commercial wood-screw envelope; exact SKU, pilot, head seat, engagement and resistance unqualified"
lean_panel_upper_left_4,screw,main_upper_left + lean_principal_left,-57.15000000000009,778.1280565829064,1173.3898173670925,-2.2500000000000036,30.634962857594743,46.19644950264144,0.0,-0.766044443118978,0.6427876096865393,50.8,2.0,4.3942,0.173,0.0,0.0,"PROVISIONAL ordinary commercial wood-screw envelope; exact SKU, pilot, head seat, engagement and resistance unqualified"
lean_panel_upper_left_5,screw,main_upper_left + lean_beam_top_left,-1200.15,1537.324502383678,2078.1649091349173,-47.25000000000001,60.52458670801882,81.81751610767391,0.0,-0.766044443118978,0.6427876096865393,50.8,2.0,4.3942,0.173,0.0,0.0,"PROVISIONAL ordinary commercial wood-screw envelope; exact SKU, pilot, head seat, engagement and resistance unqualified"
lean_panel_upper_left_6,screw,main_upper_left + lean_beam_top_left,-819.1500000000001,1537.324502383678,2078.1649091349173,-32.25000000000001,60.52458670801882,81.81751610767391,0.0,-0.766044443118978,0.6427876096865393,50.8,2.0,4.3942,0.173,0.0,0.0,"PROVISIONAL ordinary commercial wood-screw envelope; exact SKU, pilot, head seat, engagement and resistance unqualified"
lean_panel_upper_left_7,screw,main_upper_left + lean_beam_top_left,-438.1500000000001,1537.324502383678,2078.1649091349173,-17.250000000000004,60.52458670801882,81.81751610767391,0.0,-0.766044443118978,0.6427876096865393,50.8,2.0,4.3942,0.173,0.0,0.0,"PROVISIONAL ordinary commercial wood-screw envelope; exact SKU, pilot, head seat, engagement and resistance unqualified"
lean_panel_upper_left_8,screw,main_upper_left + lean_principal_left,-57.15000000000009,1537.324502383678,2078.1649091349173,-2.2500000000000036,60.52458670801882,81.81751610767391,0.0,-0.766044443118978,0.6427876096865393,50.8,2.0,4.3942,0.173,0.0,0.0,"PROVISIONAL ordinary commercial wood-screw envelope; exact SKU, pilot, head seat, engagement and resistance unqualified"
lean_panel_upper_left_9,screw,main_upper_left + lean_edge_left_upper,-1200.15,1031.193538516497,1474.9815146230342,-47.25000000000001,40.5981708077361,58.0701383709856,0.0,-0.766044443118978,0.6427876096865393,50.8,2.0,4.3942,0.173,0.0,0.0,"PROVISIONAL ordinary commercial wood-screw envelope; exact SKU, pilot, head seat, engagement and resistance unqualified"
lean_panel_upper_left_10,screw,main_upper_left + lean_edge_left_upper,-1200.15,1284.2590204500875,1776.5732118789758,-47.25000000000001,50.56137875787746,69.94382723932976,0.0,-0.766044443118978,0.6427876096865393,50.8,2.0,4.3942,0.173,0.0,0.0,"PROVISIONAL ordinary commercial wood-screw envelope; exact SKU, pilot, head seat, engagement and resistance unqualified"
lean_panel_upper_left_11,screw,main_upper_left + lean_principal_left,-57.15,1031.193538516497,1474.9815146230342,-2.25,40.5981708077361,58.0701383709856,0.0,-0.766044443118978,0.6427876096865393,50.8,2.0,4.3942,0.173,0.0,0.0,"PROVISIONAL ordinary commercial wood-screw envelope; exact SKU, pilot, head seat, engagement and resistance unqualified"
lean_panel_upper_left_12,screw,main_upper_left + lean_principal_left,-57.15,1284.2590204500875,1776.5732118789758,-2.25,50.56137875787746,69.94382723932976,0.0,-0.766044443118978,0.6427876096865393,50.8,2.0,4.3942,0.173,0.0,0.0,"PROVISIONAL ordinary commercial wood-screw envelope; exact SKU, pilot, head seat, engagement and resistance unqualified"
lean_panel_upper_right_1,screw,main_upper_right + lean_principal_right,19.05,778.1280565829064,1173.3898173670925,0.7500000000000001,30.634962857594743,46.19644950264144,0.0,-0.766044443118978,0.6427876096865393,50.8,2.0,4.3942,0.173,0.0,0.0,"PROVISIONAL ordinary commercial wood-screw envelope; exact SKU, pilot, head seat, engagement and resistance unqualified"
lean_panel_upper_right_2,screw,main_upper_right + lean_beam_mid_upper_right,412.75000000000006,778.1280565829064,1173.3898173670925,16.250000000000004,30.634962857594743,46.19644950264144,0.0,-0.766044443118978,0.6427876096865393,50.8,2.0,4.3942,0.173,0.0,0.0,"PROVISIONAL ordinary commercial wood-screw envelope; exact SKU, pilot, head seat, engagement and resistance unqualified"
lean_panel_upper_right_3,screw,main_upper_right + lean_beam_mid_upper_right,806.45,778.1280565829064,1173.3898173670925,31.750000000000004,30.634962857594743,46.19644950264144,0.0,-0.766044443118978,0.6427876096865393,50.8,2.0,4.3942,0.173,0.0,0.0,"PROVISIONAL ordinary commercial wood-screw envelope; exact SKU, pilot, head seat, engagement and resistance unqualified"
lean_panel_upper_right_4,screw,main_upper_right + lean_beam_mid_upper_right,1200.15,778.1280565829064,1173.3898173670925,47.25000000000001,30.634962857594743,46.19644950264144,0.0,-0.766044443118978,0.6427876096865393,50.8,2.0,4.3942,0.173,0.0,0.0,"PROVISIONAL ordinary commercial wood-screw envelope; exact SKU, pilot, head seat, engagement and resistance unqualified"
lean_panel_upper_right_5,screw,main_upper_right + lean_principal_right,19.05,1537.324502383678,2078.1649091349173,0.7500000000000001,60.52458670801882,81.81751610767391,0.0,-0.766044443118978,0.6427876096865393,50.8,2.0,4.3942,0.173,0.0,0.0,"PROVISIONAL ordinary commercial wood-screw envelope; exact SKU, pilot, head seat, engagement and resistance unqualified"
lean_panel_upper_right_6,screw,main_upper_right + lean_beam_top_right,412.75000000000006,1537.324502383678,2078.1649091349173,16.250000000000004,60.52458670801882,81.81751610767391,0.0,-0.766044443118978,0.6427876096865393,50.8,2.0,4.3942,0.173,0.0,0.0,"PROVISIONAL ordinary commercial wood-screw envelope; exact SKU, pilot, head seat, engagement and resistance unqualified"
lean_panel_upper_right_7,screw,main_upper_right + lean_beam_top_right,806.45,1537.324502383678,2078.1649091349173,31.750000000000004,60.52458670801882,81.81751610767391,0.0,-0.766044443118978,0.6427876096865393,50.8,2.0,4.3942,0.173,0.0,0.0,"PROVISIONAL ordinary commercial wood-screw envelope; exact SKU, pilot, head seat, engagement and resistance unqualified"
lean_panel_upper_right_8,screw,main_upper_right + lean_beam_top_right,1200.15,1537.324502383678,2078.1649091349173,47.25000000000001,60.52458670801882,81.81751610767391,0.0,-0.766044443118978,0.6427876096865393,50.8,2.0,4.3942,0.173,0.0,0.0,"PROVISIONAL ordinary commercial wood-screw envelope; exact SKU, pilot, head seat, engagement and resistance unqualified"
lean_panel_upper_right_9,screw,main_upper_right + lean_principal_right,19.05,1031.193538516497,1474.9815146230342,0.7500000000000001,40.5981708077361,58.0701383709856,0.0,-0.766044443118978,0.6427876096865393,50.8,2.0,4.3942,0.173,0.0,0.0,"PROVISIONAL ordinary commercial wood-screw envelope; exact SKU, pilot, head seat, engagement and resistance unqualified"
lean_panel_upper_right_10,screw,main_upper_right + lean_principal_right,19.05,1284.2590204500875,1776.5732118789758,0.7500000000000001,50.56137875787746,69.94382723932976,0.0,-0.766044443118978,0.6427876096865393,50.8,2.0,4.3942,0.173,0.0,0.0,"PROVISIONAL ordinary commercial wood-screw envelope; exact SKU, pilot, head seat, engagement and resistance unqualified"
lean_panel_upper_right_11,screw,main_upper_right + lean_edge_right_upper,1200.15,1031.193538516497,1474.9815146230342,47.25000000000001,40.5981708077361,58.0701383709856,0.0,-0.766044443118978,0.6427876096865393,50.8,2.0,4.3942,0.173,0.0,0.0,"PROVISIONAL ordinary commercial wood-screw envelope; exact SKU, pilot, head seat, engagement and resistance unqualified"
lean_panel_upper_right_12,screw,main_upper_right + lean_edge_right_upper,1200.15,1284.2590204500875,1776.5732118789758,47.25000000000001,50.56137875787746,69.94382723932976,0.0,-0.766044443118978,0.6427876096865393,50.8,2.0,4.3942,0.173,0.0,0.0,"PROVISIONAL ordinary commercial wood-screw envelope; exact SKU, pilot, head seat, engagement and resistance unqualified"
lean_lower_ledge_left_1,screw,wood_rail_lower + lean_beam_lower_left,-400.0,44.73506495704089,327.767767927672,-15.748031496062993,1.7612230298047595,12.904242831798111,0.0,-0.766044443118978,0.6427876096865393,79.248,3.1200000000000006,4.3942,0.173,0.0,0.0,"Selected GRK R4 #9 x3-1/8, 103105; drawing L79.248mm, thread40.894mm; generic head/pilot proxy; tolerances, thread engagement and withdrawal resistance unqualified"
lean_lower_ledge_left_2,screw,wood_rail_lower + lean_beam_lower_left,-850.0,44.73506495704089,327.767767927672,-33.46456692913386,1.7612230298047595,12.904242831798111,0.0,-0.766044443118978,0.6427876096865393,79.248,3.1200000000000006,4.3942,0.173,0.0,0.0,"Selected GRK R4 #9 x3-1/8, 103105; drawing L79.248mm, thread40.894mm; generic head/pilot proxy; tolerances, thread engagement and withdrawal resistance unqualified"
lean_lower_ledge_right_1,screw,wood_rail_lower + lean_beam_lower_right,400.0,44.73506495704089,327.767767927672,15.748031496062993,1.7612230298047595,12.904242831798111,0.0,-0.766044443118978,0.6427876096865393,79.248,3.1200000000000006,4.3942,0.173,0.0,0.0,"Selected GRK R4 #9 x3-1/8, 103105; drawing L79.248mm, thread40.894mm; generic head/pilot proxy; tolerances, thread engagement and withdrawal resistance unqualified"
lean_lower_ledge_right_2,screw,wood_rail_lower + lean_beam_lower_right,850.0,44.73506495704089,327.767767927672,33.46456692913386,1.7612230298047595,12.904242831798111,0.0,-0.766044443118978,0.6427876096865393,79.248,3.1200000000000006,4.3942,0.173,0.0,0.0,"Selected GRK R4 #9 x3-1/8, 103105; drawing L79.248mm, thread40.894mm; generic head/pilot proxy; tolerances, thread engagement and withdrawal resistance unqualified"
lean_edge_side_left_1,screw,box_side_left + lean_edge_left_lower,-1257.3,139.85255962691238,510.2763080229973,-49.5,5.50600628452411,20.089618426102255,1.0,0.0,0.0,63.5,2.5,4.826,0.19,0.0,0.0,"PROVISIONAL ordinary commercial wood-screw envelope; exact SKU, pilot, head seat, engagement and resistance unqualified"
lean_edge_side_left_2,screw,box_side_left + lean_edge_left_lower,-1257.3,384.1118513077973,801.373196408209,-49.5,15.122513831015642,31.550125842842874,1.0,0.0,0.0,63.5,2.5,4.826,0.19,0.0,0.0,"PROVISIONAL ordinary commercial wood-screw envelope; exact SKU, pilot, head seat, engagement and resistance unqualified"
lean_edge_side_left_3,screw,box_side_left + lean_edge_left_lower,-1257.3,576.948134213759,1031.1865293439025,-49.5,22.71449347298264,40.597894856059156,1.0,0.0,0.0,63.5,2.5,4.826,0.19,0.0,0.0,"PROVISIONAL ordinary commercial wood-screw envelope; exact SKU, pilot, head seat, engagement and resistance unqualified"
lean_edge_side_left_4,screw,box_side_left + lean_edge_left_upper,-1257.3,848.1277258105797,1456.3434787183442,-49.5,33.39085534687322,57.33635742985607,1.0,0.0,0.0,63.5,2.5,4.826,0.19,0.0,0.0,"PROVISIONAL ordinary commercial wood-screw envelope; exact SKU, pilot, head seat, engagement and resistance unqualified"
lean_edge_side_left_5,screw,box_side_left + lean_edge_left_upper,-1257.3,1233.8002916225034,1915.9701445897308,-49.5,48.574814630807225,75.43189545628861,1.0,0.0,0.0,63.5,2.5,4.826,0.19,0.0,0.0,"PROVISIONAL ordinary commercial wood-screw envelope; exact SKU, pilot, head seat, engagement and resistance unqualified"
lean_edge_side_left_6,screw,box_side_left + lean_edge_left_upper,-1257.3,1362.3578135598111,2069.1790332135265,-49.5,53.63613439211855,81.46374146509947,1.0,0.0,0.0,63.5,2.5,4.826,0.19,0.0,0.0,"PROVISIONAL ordinary commercial wood-screw envelope; exact SKU, pilot, head seat, engagement and resistance unqualified"
lean_edge_side_right_1,screw,box_side_right + lean_edge_right_lower,1257.3,139.85255962691238,510.2763080229973,49.5,5.50600628452411,20.089618426102255,-1.0,0.0,0.0,63.5,2.5,4.826,0.19,0.0,0.0,"PROVISIONAL ordinary commercial wood-screw envelope; exact SKU, pilot, head seat, engagement and resistance unqualified"
lean_edge_side_right_2,screw,box_side_right + lean_edge_right_lower,1257.3,384.1118513077973,801.373196408209,49.5,15.122513831015642,31.550125842842874,-1.0,0.0,0.0,63.5,2.5,4.826,0.19,0.0,0.0,"PROVISIONAL ordinary commercial wood-screw envelope; exact SKU, pilot, head seat, engagement and resistance unqualified"
lean_edge_side_right_3,screw,box_side_right + lean_edge_right_lower,1257.3,576.948134213759,1031.1865293439025,49.5,22.71449347298264,40.597894856059156,-1.0,0.0,0.0,63.5,2.5,4.826,0.19,0.0,0.0,"PROVISIONAL ordinary commercial wood-screw envelope; exact SKU, pilot, head seat, engagement and resistance unqualified"
lean_edge_side_right_4,screw,box_side_right + lean_edge_right_upper,1257.3,848.1277258105797,1456.3434787183442,49.5,33.39085534687322,57.33635742985607,-1.0,0.0,0.0,63.5,2.5,4.826,0.19,0.0,0.0,"PROVISIONAL ordinary commercial wood-screw envelope; exact SKU, pilot, head seat, engagement and resistance unqualified"
lean_edge_side_right_5,screw,box_side_right + lean_edge_right_upper,1257.3,1233.8002916225034,1915.9701445897308,49.5,48.574814630807225,75.43189545628861,-1.0,0.0,0.0,63.5,2.5,4.826,0.19,0.0,0.0,"PROVISIONAL ordinary commercial wood-screw envelope; exact SKU, pilot, head seat, engagement and resistance unqualified"
lean_edge_side_right_6,screw,box_side_right + lean_edge_right_upper,1257.3,1362.3578135598111,2069.1790332135265,49.5,53.63613439211855,81.46374146509947,-1.0,0.0,0.0,63.5,2.5,4.826,0.19,0.0,0.0,"PROVISIONAL ordinary commercial wood-screw envelope; exact SKU, pilot, head seat, engagement and resistance unqualified"
clip_mvp_lean_lower_left_1_beam_1,screw,clip_mvp_lean_lower_left_1 + lean_beam_lower_left,-1201.2,16.659855540491225,379.7182743373008,-47.29133858267717,0.6558998244287885,14.949538359736252,-0.0,-0.6427876096865427,-0.7660444431189752,38.1,1.5000000000000002,6.35,0.25,0.0,0.0,"SELECTED Simpson SDS25112 1/4 x 1-1/2 in; nominal shaft and assumed head envelope; ML24Z factory hole positions are PROVISIONAL, not a steel drilling instruction; fit and resistance unqualified"
clip_mvp_lean_lower_left_1_beam_2,screw,clip_mvp_lean_lower_left_1 + lean_beam_lower_left,-1185.2,-9.385655525554029,401.5730530666431,-46.66141732283465,-0.36951399706905624,15.809962719159179,-0.0,-0.6427876096865427,-0.7660444431189752,38.1,1.5000000000000002,6.35,0.25,0.0,0.0,"SELECTED Simpson SDS25112 1/4 x 1-1/2 in; nominal shaft and assumed head envelope; ML24Z factory hole positions are PROVISIONAL, not a steel drilling instruction; fit and resistance unqualified"
clip_mvp_lean_lower_left_1_beam_3,screw,clip_mvp_lean_lower_left_1 + lean_beam_lower_left,-1201.2,-35.43116659159928,423.42783179598547,-47.29133858267717,-1.3949278185669007,16.670387078582106,-0.0,-0.6427876096865427,-0.7660444431189752,38.1,1.5000000000000002,6.35,0.25,0.0,0.0,"SELECTED Simpson SDS25112 1/4 x 1-1/2 in; nominal shaft and assumed head envelope; ML24Z factory hole positions are PROVISIONAL, not a steel drilling instruction; fit and resistance unqualified"
clip_mvp_lean_lower_left_1_upright_1,screw,clip_mvp_lean_lower_left_1 + box_side_left,-1216.5,36.77910772368001,403.6954654069247,-47.89370078740158,1.4479963670740164,15.893522260115146,-1.0,-0.0,-0.0,38.1,1.5000000000000002,6.35,0.25,0.0,0.0,"SELECTED Simpson SDS25112 1/4 x 1-1/2 in; nominal shaft and assumed head envelope; ML24Z factory hole positions are PROVISIONAL, not a steel drilling instruction; fit and resistance unqualified"
clip_mvp_lean_lower_left_1_upright_2,screw,clip_mvp_lean_lower_left_1 + box_side_left,-1216.5,0.4489949026500746,413.29353304636345,-47.89370078740158,0.01767696467126278,16.271398938833208,-1.0,-0.0,-0.0,38.1,1.5000000000000002,6.35,0.25,0.0,0.0,"SELECTED Simpson SDS25112 1/4 x 1-1/2 in; nominal shaft and assumed head envelope; ML24Z factory hole positions are PROVISIONAL, not a steel drilling instruction; fit and resistance unqualified"
clip_mvp_lean_lower_left_1_upright_3,screw,clip_mvp_lean_lower_left_1 + box_side_left,-1216.5,-15.311914408410495,447.4050228656094,-47.89370078740158,-0.6028312759216731,17.614370978961002,-1.0,-0.0,-0.0,38.1,1.5000000000000002,6.35,0.25,0.0,0.0,"SELECTED Simpson SDS25112 1/4 x 1-1/2 in; nominal shaft and assumed head envelope; ML24Z factory hole positions are PROVISIONAL, not a steel drilling instruction; fit and resistance unqualified"
clip_mvp_lean_lower_left_2_beam_1,screw,clip_mvp_lean_lower_left_2 + lean_beam_lower_left,-94.2,16.659855540491225,379.7182743373008,-3.708661417322835,0.6558998244287885,14.949538359736252,-0.0,-0.6427876096865427,-0.7660444431189752,38.1,1.5000000000000002,6.35,0.25,0.0,0.0,"SELECTED Simpson SDS25112 1/4 x 1-1/2 in; nominal shaft and assumed head envelope; ML24Z factory hole positions are PROVISIONAL, not a steel drilling instruction; fit and resistance unqualified"
clip_mvp_lean_lower_left_2_beam_2,screw,clip_mvp_lean_lower_left_2 + lean_beam_lower_left,-110.2,-9.385655525554029,401.5730530666431,-4.338582677165355,-0.36951399706905624,15.809962719159179,-0.0,-0.6427876096865427,-0.7660444431189752,38.1,1.5000000000000002,6.35,0.25,0.0,0.0,"SELECTED Simpson SDS25112 1/4 x 1-1/2 in; nominal shaft and assumed head envelope; ML24Z factory hole positions are PROVISIONAL, not a steel drilling instruction; fit and resistance unqualified"
clip_mvp_lean_lower_left_2_beam_3,screw,clip_mvp_lean_lower_left_2 + lean_beam_lower_left,-94.2,-35.43116659159928,423.42783179598547,-3.708661417322835,-1.3949278185669007,16.670387078582106,-0.0,-0.6427876096865427,-0.7660444431189752,38.1,1.5000000000000002,6.35,0.25,0.0,0.0,"SELECTED Simpson SDS25112 1/4 x 1-1/2 in; nominal shaft and assumed head envelope; ML24Z factory hole positions are PROVISIONAL, not a steel drilling instruction; fit and resistance unqualified"
clip_mvp_lean_lower_left_2_upright_1,screw,clip_mvp_lean_lower_left_2 + lean_principal_left,-78.9,36.77910772368001,403.6954654069247,-3.1062992125984255,1.4479963670740164,15.893522260115146,1.0,-0.0,-0.0,38.1,1.5000000000000002,6.35,0.25,0.0,0.0,"SELECTED Simpson SDS25112 1/4 x 1-1/2 in; nominal shaft and assumed head envelope; ML24Z factory hole positions are PROVISIONAL, not a steel drilling instruction; fit and resistance unqualified"
clip_mvp_lean_lower_left_2_upright_2,screw,clip_mvp_lean_lower_left_2 + lean_principal_left,-78.9,0.4489949026500746,413.29353304636345,-3.1062992125984255,0.01767696467126278,16.271398938833208,1.0,-0.0,-0.0,38.1,1.5000000000000002,6.35,0.25,0.0,0.0,"SELECTED Simpson SDS25112 1/4 x 1-1/2 in; nominal shaft and assumed head envelope; ML24Z factory hole positions are PROVISIONAL, not a steel drilling instruction; fit and resistance unqualified"
clip_mvp_lean_lower_left_2_upright_3,screw,clip_mvp_lean_lower_left_2 + lean_principal_left,-78.9,-15.311914408410495,447.4050228656094,-3.1062992125984255,-0.6028312759216731,17.614370978961002,1.0,-0.0,-0.0,38.1,1.5000000000000002,6.35,0.25,0.0,0.0,"SELECTED Simpson SDS25112 1/4 x 1-1/2 in; nominal shaft and assumed head envelope; ML24Z factory hole positions are PROVISIONAL, not a steel drilling instruction; fit and resistance unqualified"
clip_mvp_lean_lower_right_1_beam_1,screw,clip_mvp_lean_lower_right_1 + lean_beam_lower_right,56.1,16.659855540491225,379.7182743373008,2.2086614173228347,0.6558998244287885,14.949538359736252,-0.0,-0.6427876096865427,-0.7660444431189752,38.1,1.5000000000000002,6.35,0.25,0.0,0.0,"SELECTED Simpson SDS25112 1/4 x 1-1/2 in; nominal shaft and assumed head envelope; ML24Z factory hole positions are PROVISIONAL, not a steel drilling instruction; fit and resistance unqualified"
clip_mvp_lean_lower_right_1_beam_2,screw,clip_mvp_lean_lower_right_1 + lean_beam_lower_right,72.1,-9.385655525554029,401.5730530666431,2.838582677165354,-0.36951399706905624,15.809962719159179,-0.0,-0.6427876096865427,-0.7660444431189752,38.1,1.5000000000000002,6.35,0.25,0.0,0.0,"SELECTED Simpson SDS25112 1/4 x 1-1/2 in; nominal shaft and assumed head envelope; ML24Z factory hole positions are PROVISIONAL, not a steel drilling instruction; fit and resistance unqualified"
clip_mvp_lean_lower_right_1_beam_3,screw,clip_mvp_lean_lower_right_1 + lean_beam_lower_right,56.1,-35.43116659159928,423.42783179598547,2.2086614173228347,-1.3949278185669007,16.670387078582106,-0.0,-0.6427876096865427,-0.7660444431189752,38.1,1.5000000000000002,6.35,0.25,0.0,0.0,"SELECTED Simpson SDS25112 1/4 x 1-1/2 in; nominal shaft and assumed head envelope; ML24Z factory hole positions are PROVISIONAL, not a steel drilling instruction; fit and resistance unqualified"
clip_mvp_lean_lower_right_1_upright_1,screw,clip_mvp_lean_lower_right_1 + lean_principal_right,40.800000000000004,36.77910772368001,403.6954654069247,1.6062992125984255,1.4479963670740164,15.893522260115146,-1.0,-0.0,-0.0,38.1,1.5000000000000002,6.35,0.25,0.0,0.0,"SELECTED Simpson SDS25112 1/4 x 1-1/2 in; nominal shaft and assumed head envelope; ML24Z factory hole positions are PROVISIONAL, not a steel drilling instruction; fit and resistance unqualified"
clip_mvp_lean_lower_right_1_upright_2,screw,clip_mvp_lean_lower_right_1 + lean_principal_right,40.800000000000004,0.4489949026500746,413.29353304636345,1.6062992125984255,0.01767696467126278,16.271398938833208,-1.0,-0.0,-0.0,38.1,1.5000000000000002,6.35,0.25,0.0,0.0,"SELECTED Simpson SDS25112 1/4 x 1-1/2 in; nominal shaft and assumed head envelope; ML24Z factory hole positions are PROVISIONAL, not a steel drilling instruction; fit and resistance unqualified"
clip_mvp_lean_lower_right_1_upright_3,screw,clip_mvp_lean_lower_right_1 + lean_principal_right,40.800000000000004,-15.311914408410495,447.4050228656094,1.6062992125984255,-0.6028312759216731,17.614370978961002,-1.0,-0.0,-0.0,38.1,1.5000000000000002,6.35,0.25,0.0,0.0,"SELECTED Simpson SDS25112 1/4 x 1-1/2 in; nominal shaft and assumed head envelope; ML24Z factory hole positions are PROVISIONAL, not a steel drilling instruction; fit and resistance unqualified"
clip_mvp_lean_lower_right_2_beam_1,screw,clip_mvp_lean_lower_right_2 + lean_beam_lower_right,1201.2,16.659855540491225,379.7182743373008,47.29133858267717,0.6558998244287885,14.949538359736252,-0.0,-0.6427876096865427,-0.7660444431189752,38.1,1.5000000000000002,6.35,0.25,0.0,0.0,"SELECTED Simpson SDS25112 1/4 x 1-1/2 in; nominal shaft and assumed head envelope; ML24Z factory hole positions are PROVISIONAL, not a steel drilling instruction; fit and resistance unqualified"
clip_mvp_lean_lower_right_2_beam_2,screw,clip_mvp_lean_lower_right_2 + lean_beam_lower_right,1185.2,-9.385655525554029,401.5730530666431,46.66141732283465,-0.36951399706905624,15.809962719159179,-0.0,-0.6427876096865427,-0.7660444431189752,38.1,1.5000000000000002,6.35,0.25,0.0,0.0,"SELECTED Simpson SDS25112 1/4 x 1-1/2 in; nominal shaft and assumed head envelope; ML24Z factory hole positions are PROVISIONAL, not a steel drilling instruction; fit and resistance unqualified"
clip_mvp_lean_lower_right_2_beam_3,screw,clip_mvp_lean_lower_right_2 + lean_beam_lower_right,1201.2,-35.43116659159928,423.42783179598547,47.29133858267717,-1.3949278185669007,16.670387078582106,-0.0,-0.6427876096865427,-0.7660444431189752,38.1,1.5000000000000002,6.35,0.25,0.0,0.0,"SELECTED Simpson SDS25112 1/4 x 1-1/2 in; nominal shaft and assumed head envelope; ML24Z factory hole positions are PROVISIONAL, not a steel drilling instruction; fit and resistance unqualified"
clip_mvp_lean_lower_right_2_upright_1,screw,clip_mvp_lean_lower_right_2 + box_side_right,1216.5,36.77910772368001,403.6954654069247,47.89370078740158,1.4479963670740164,15.893522260115146,1.0,-0.0,-0.0,38.1,1.5000000000000002,6.35,0.25,0.0,0.0,"SELECTED Simpson SDS25112 1/4 x 1-1/2 in; nominal shaft and assumed head envelope; ML24Z factory hole positions are PROVISIONAL, not a steel drilling instruction; fit and resistance unqualified"
clip_mvp_lean_lower_right_2_upright_2,screw,clip_mvp_lean_lower_right_2 + box_side_right,1216.5,0.4489949026500746,413.29353304636345,47.89370078740158,0.01767696467126278,16.271398938833208,1.0,-0.0,-0.0,38.1,1.5000000000000002,6.35,0.25,0.0,0.0,"SELECTED Simpson SDS25112 1/4 x 1-1/2 in; nominal shaft and assumed head envelope; ML24Z factory hole positions are PROVISIONAL, not a steel drilling instruction; fit and resistance unqualified"
clip_mvp_lean_lower_right_2_upright_3,screw,clip_mvp_lean_lower_right_2 + box_side_right,1216.5,-15.311914408410495,447.4050228656094,47.89370078740158,-0.6028312759216731,17.614370978961002,1.0,-0.0,-0.0,38.1,1.5000000000000002,6.35,0.25,0.0,0.0,"SELECTED Simpson SDS25112 1/4 x 1-1/2 in; nominal shaft and assumed head envelope; ML24Z factory hole positions are PROVISIONAL, not a steel drilling instruction; fit and resistance unqualified"
clip_mvp_lean_mid_lower_left_1_beam_1,screw,clip_mvp_lean_mid_lower_left_1 + lean_beam_mid_lower_left,-1201.2,698.2094259926608,1162.3208845530237,-47.29133858267717,27.488560078451215,45.76066474618204,0.0,0.6427876096865427,0.7660444431189752,38.1,1.5000000000000002,6.35,0.25,0.0,0.0,"SELECTED Simpson SDS25112 1/4 x 1-1/2 in; nominal shaft and assumed head envelope; ML24Z factory hole positions are PROVISIONAL, not a steel drilling instruction; fit and resistance unqualified"
clip_mvp_lean_mid_lower_left_1_beam_2,screw,clip_mvp_lean_mid_lower_left_1 + lean_beam_mid_lower_left,-1185.2,672.1639149266156,1184.175663282366,-46.66141732283465,26.46314625695337,46.621089105604966,0.0,0.6427876096865427,0.7660444431189752,38.1,1.5000000000000002,6.35,0.25,0.0,0.0,"SELECTED Simpson SDS25112 1/4 x 1-1/2 in; nominal shaft and assumed head envelope; ML24Z factory hole positions are PROVISIONAL, not a steel drilling instruction; fit and resistance unqualified"
clip_mvp_lean_mid_lower_left_1_beam_3,screw,clip_mvp_lean_mid_lower_left_1 + lean_beam_mid_lower_left,-1201.2,646.1184038605703,1206.0304420117084,-47.29133858267717,25.437732435455526,47.48151346502789,0.0,0.6427876096865427,0.7660444431189752,38.1,1.5000000000000002,6.35,0.25,0.0,0.0,"SELECTED Simpson SDS25112 1/4 x 1-1/2 in; nominal shaft and assumed head envelope; ML24Z factory hole positions are PROVISIONAL, not a steel drilling instruction; fit and resistance unqualified"
clip_mvp_lean_mid_lower_left_1_upright_1,screw,clip_mvp_lean_mid_lower_left_1 + box_side_left,-1216.5,678.090173809472,1138.3436934833996,-47.89370078740158,26.69646353580599,44.81668084580314,-1.0,-0.0,-0.0,38.1,1.5000000000000002,6.35,0.25,0.0,0.0,"SELECTED Simpson SDS25112 1/4 x 1-1/2 in; nominal shaft and assumed head envelope; ML24Z factory hole positions are PROVISIONAL, not a steel drilling instruction; fit and resistance unqualified"
clip_mvp_lean_mid_lower_left_1_upright_2,screw,clip_mvp_lean_mid_lower_left_1 + box_side_left,-1216.5,662.3292644984115,1172.4551833026458,-47.89370078740158,26.075955295213053,46.15965288593094,-1.0,-0.0,-0.0,38.1,1.5000000000000002,6.35,0.25,0.0,0.0,"SELECTED Simpson SDS25112 1/4 x 1-1/2 in; nominal shaft and assumed head envelope; ML24Z factory hole positions are PROVISIONAL, not a steel drilling instruction; fit and resistance unqualified"
clip_mvp_lean_mid_lower_left_1_upright_3,screw,clip_mvp_lean_mid_lower_left_1 + box_side_left,-1216.5,625.9991516773815,1182.0532509420843,-47.89370078740158,24.645635892810297,46.53752956464899,-1.0,-0.0,-0.0,38.1,1.5000000000000002,6.35,0.25,0.0,0.0,"SELECTED Simpson SDS25112 1/4 x 1-1/2 in; nominal shaft and assumed head envelope; ML24Z factory hole positions are PROVISIONAL, not a steel drilling instruction; fit and resistance unqualified"
clip_mvp_lean_mid_lower_left_2_beam_1,screw,clip_mvp_lean_mid_lower_left_2 + lean_beam_mid_lower_left,-94.2,698.2094259926608,1162.3208845530237,-3.708661417322835,27.488560078451215,45.76066474618204,0.0,0.6427876096865427,0.7660444431189752,38.1,1.5000000000000002,6.35,0.25,0.0,0.0,"SELECTED Simpson SDS25112 1/4 x 1-1/2 in; nominal shaft and assumed head envelope; ML24Z factory hole positions are PROVISIONAL, not a steel drilling instruction; fit and resistance unqualified"
clip_mvp_lean_mid_lower_left_2_beam_2,screw,clip_mvp_lean_mid_lower_left_2 + lean_beam_mid_lower_left,-110.2,672.1639149266156,1184.175663282366,-4.338582677165355,26.46314625695337,46.621089105604966,0.0,0.6427876096865427,0.7660444431189752,38.1,1.5000000000000002,6.35,0.25,0.0,0.0,"SELECTED Simpson SDS25112 1/4 x 1-1/2 in; nominal shaft and assumed head envelope; ML24Z factory hole positions are PROVISIONAL, not a steel drilling instruction; fit and resistance unqualified"
clip_mvp_lean_mid_lower_left_2_beam_3,screw,clip_mvp_lean_mid_lower_left_2 + lean_beam_mid_lower_left,-94.2,646.1184038605703,1206.0304420117084,-3.708661417322835,25.437732435455526,47.48151346502789,0.0,0.6427876096865427,0.7660444431189752,38.1,1.5000000000000002,6.35,0.25,0.0,0.0,"SELECTED Simpson SDS25112 1/4 x 1-1/2 in; nominal shaft and assumed head envelope; ML24Z factory hole positions are PROVISIONAL, not a steel drilling instruction; fit and resistance unqualified"
clip_mvp_lean_mid_lower_left_2_upright_1,screw,clip_mvp_lean_mid_lower_left_2 + lean_principal_left,-78.9,678.090173809472,1138.3436934833996,-3.1062992125984255,26.69646353580599,44.81668084580314,1.0,-0.0,-0.0,38.1,1.5000000000000002,6.35,0.25,0.0,0.0,"SELECTED Simpson SDS25112 1/4 x 1-1/2 in; nominal shaft and assumed head envelope; ML24Z factory hole positions are PROVISIONAL, not a steel drilling instruction; fit and resistance unqualified"
clip_mvp_lean_mid_lower_left_2_upright_2,screw,clip_mvp_lean_mid_lower_left_2 + lean_principal_left,-78.9,662.3292644984115,1172.4551833026458,-3.1062992125984255,26.075955295213053,46.15965288593094,1.0,-0.0,-0.0,38.1,1.5000000000000002,6.35,0.25,0.0,0.0,"SELECTED Simpson SDS25112 1/4 x 1-1/2 in; nominal shaft and assumed head envelope; ML24Z factory hole positions are PROVISIONAL, not a steel drilling instruction; fit and resistance unqualified"
clip_mvp_lean_mid_lower_left_2_upright_3,screw,clip_mvp_lean_mid_lower_left_2 + lean_principal_left,-78.9,625.9991516773815,1182.0532509420843,-3.1062992125984255,24.645635892810297,46.53752956464899,1.0,-0.0,-0.0,38.1,1.5000000000000002,6.35,0.25,0.0,0.0,"SELECTED Simpson SDS25112 1/4 x 1-1/2 in; nominal shaft and assumed head envelope; ML24Z factory hole positions are PROVISIONAL, not a steel drilling instruction; fit and resistance unqualified"
clip_mvp_lean_mid_lower_right_1_beam_1,screw,clip_mvp_lean_mid_lower_right_1 + lean_beam_mid_lower_right,56.1,698.2094259926608,1162.3208845530237,2.2086614173228347,27.488560078451215,45.76066474618204,0.0,0.6427876096865427,0.7660444431189752,38.1,1.5000000000000002,6.35,0.25,0.0,0.0,"SELECTED Simpson SDS25112 1/4 x 1-1/2 in; nominal shaft and assumed head envelope; ML24Z factory hole positions are PROVISIONAL, not a steel drilling instruction; fit and resistance unqualified"
clip_mvp_lean_mid_lower_right_1_beam_2,screw,clip_mvp_lean_mid_lower_right_1 + lean_beam_mid_lower_right,72.1,672.1639149266156,1184.175663282366,2.838582677165354,26.46314625695337,46.621089105604966,0.0,0.6427876096865427,0.7660444431189752,38.1,1.5000000000000002,6.35,0.25,0.0,0.0,"SELECTED Simpson SDS25112 1/4 x 1-1/2 in; nominal shaft and assumed head envelope; ML24Z factory hole positions are PROVISIONAL, not a steel drilling instruction; fit and resistance unqualified"
clip_mvp_lean_mid_lower_right_1_beam_3,screw,clip_mvp_lean_mid_lower_right_1 + lean_beam_mid_lower_right,56.1,646.1184038605703,1206.0304420117084,2.2086614173228347,25.437732435455526,47.48151346502789,0.0,0.6427876096865427,0.7660444431189752,38.1,1.5000000000000002,6.35,0.25,0.0,0.0,"SELECTED Simpson SDS25112 1/4 x 1-1/2 in; nominal shaft and assumed head envelope; ML24Z factory hole positions are PROVISIONAL, not a steel drilling instruction; fit and resistance unqualified"
clip_mvp_lean_mid_lower_right_1_upright_1,screw,clip_mvp_lean_mid_lower_right_1 + lean_principal_right,40.800000000000004,678.090173809472,1138.3436934833996,1.6062992125984255,26.69646353580599,44.81668084580314,-1.0,-0.0,-0.0,38.1,1.5000000000000002,6.35,0.25,0.0,0.0,"SELECTED Simpson SDS25112 1/4 x 1-1/2 in; nominal shaft and assumed head envelope; ML24Z factory hole positions are PROVISIONAL, not a steel drilling instruction; fit and resistance unqualified"
clip_mvp_lean_mid_lower_right_1_upright_2,screw,clip_mvp_lean_mid_lower_right_1 + lean_principal_right,40.800000000000004,662.3292644984115,1172.4551833026458,1.6062992125984255,26.075955295213053,46.15965288593094,-1.0,-0.0,-0.0,38.1,1.5000000000000002,6.35,0.25,0.0,0.0,"SELECTED Simpson SDS25112 1/4 x 1-1/2 in; nominal shaft and assumed head envelope; ML24Z factory hole positions are PROVISIONAL, not a steel drilling instruction; fit and resistance unqualified"
clip_mvp_lean_mid_lower_right_1_upright_3,screw,clip_mvp_lean_mid_lower_right_1 + lean_principal_right,40.800000000000004,625.9991516773815,1182.0532509420843,1.6062992125984255,24.645635892810297,46.53752956464899,-1.0,-0.0,-0.0,38.1,1.5000000000000002,6.35,0.25,0.0,0.0,"SELECTED Simpson SDS25112 1/4 x 1-1/2 in; nominal shaft and assumed head envelope; ML24Z factory hole positions are PROVISIONAL, not a steel drilling instruction; fit and resistance unqualified"
clip_mvp_lean_mid_lower_right_2_beam_1,screw,clip_mvp_lean_mid_lower_right_2 + lean_beam_mid_lower_right,1201.2,698.2094259926608,1162.3208845530237,47.29133858267717,27.488560078451215,45.76066474618204,0.0,0.6427876096865427,0.7660444431189752,38.1,1.5000000000000002,6.35,0.25,0.0,0.0,"SELECTED Simpson SDS25112 1/4 x 1-1/2 in; nominal shaft and assumed head envelope; ML24Z factory hole positions are PROVISIONAL, not a steel drilling instruction; fit and resistance unqualified"
clip_mvp_lean_mid_lower_right_2_beam_2,screw,clip_mvp_lean_mid_lower_right_2 + lean_beam_mid_lower_right,1185.2,672.1639149266156,1184.175663282366,46.66141732283465,26.46314625695337,46.621089105604966,0.0,0.6427876096865427,0.7660444431189752,38.1,1.5000000000000002,6.35,0.25,0.0,0.0,"SELECTED Simpson SDS25112 1/4 x 1-1/2 in; nominal shaft and assumed head envelope; ML24Z factory hole positions are PROVISIONAL, not a steel drilling instruction; fit and resistance unqualified"
clip_mvp_lean_mid_lower_right_2_beam_3,screw,clip_mvp_lean_mid_lower_right_2 + lean_beam_mid_lower_right,1201.2,646.1184038605703,1206.0304420117084,47.29133858267717,25.437732435455526,47.48151346502789,0.0,0.6427876096865427,0.7660444431189752,38.1,1.5000000000000002,6.35,0.25,0.0,0.0,"SELECTED Simpson SDS25112 1/4 x 1-1/2 in; nominal shaft and assumed head envelope; ML24Z factory hole positions are PROVISIONAL, not a steel drilling instruction; fit and resistance unqualified"
clip_mvp_lean_mid_lower_right_2_upright_1,screw,clip_mvp_lean_mid_lower_right_2 + box_side_right,1216.5,678.090173809472,1138.3436934833996,47.89370078740158,26.69646353580599,44.81668084580314,1.0,-0.0,-0.0,38.1,1.5000000000000002,6.35,0.25,0.0,0.0,"SELECTED Simpson SDS25112 1/4 x 1-1/2 in; nominal shaft and assumed head envelope; ML24Z factory hole positions are PROVISIONAL, not a steel drilling instruction; fit and resistance unqualified"
clip_mvp_lean_mid_lower_right_2_upright_2,screw,clip_mvp_lean_mid_lower_right_2 + box_side_right,1216.5,662.3292644984115,1172.4551833026458,47.89370078740158,26.075955295213053,46.15965288593094,1.0,-0.0,-0.0,38.1,1.5000000000000002,6.35,0.25,0.0,0.0,"SELECTED Simpson SDS25112 1/4 x 1-1/2 in; nominal shaft and assumed head envelope; ML24Z factory hole positions are PROVISIONAL, not a steel drilling instruction; fit and resistance unqualified"
clip_mvp_lean_mid_lower_right_2_upright_3,screw,clip_mvp_lean_mid_lower_right_2 + box_side_right,1216.5,625.9991516773815,1182.0532509420843,47.89370078740158,24.645635892810297,46.53752956464899,1.0,-0.0,-0.0,38.1,1.5000000000000002,6.35,0.25,0.0,0.0,"SELECTED Simpson SDS25112 1/4 x 1-1/2 in; nominal shaft and assumed head envelope; ML24Z factory hole positions are PROVISIONAL, not a steel drilling instruction; fit and resistance unqualified"
clip_mvp_lean_mid_upper_left_1_beam_1,screw,clip_mvp_lean_mid_upper_left_1 + lean_beam_mid_upper_left,-1201.2,750.6608949430824,1224.8301111115325,-47.29133858267717,29.55357854106624,48.221657917776874,-0.0,-0.6427876096865427,-0.7660444431189752,38.1,1.5000000000000002,6.35,0.25,0.0,0.0,"SELECTED Simpson SDS25112 1/4 x 1-1/2 in; nominal shaft and assumed head envelope; ML24Z factory hole positions are PROVISIONAL, not a steel drilling instruction; fit and resistance unqualified"
clip_mvp_lean_mid_upper_left_1_beam_2,screw,clip_mvp_lean_mid_upper_left_1 + lean_beam_mid_upper_left,-1185.2,724.6153838770372,1246.6848898408748,-46.66141732283465,28.528164719568395,49.082082277199795,-0.0,-0.6427876096865427,-0.7660444431189752,38.1,1.5000000000000002,6.35,0.25,0.0,0.0,"SELECTED Simpson SDS25112 1/4 x 1-1/2 in; nominal shaft and assumed head envelope; ML24Z factory hole positions are PROVISIONAL, not a steel drilling instruction; fit and resistance unqualified"
clip_mvp_lean_mid_upper_left_1_beam_3,screw,clip_mvp_lean_mid_upper_left_1 + lean_beam_mid_upper_left,-1201.2,698.5698728109919,1268.5396685702171,-47.29133858267717,27.50275089807055,49.942506636622724,-0.0,-0.6427876096865427,-0.7660444431189752,38.1,1.5000000000000002,6.35,0.25,0.0,0.0,"SELECTED Simpson SDS25112 1/4 x 1-1/2 in; nominal shaft and assumed head envelope; ML24Z factory hole positions are PROVISIONAL, not a steel drilling instruction; fit and resistance unqualified"
clip_mvp_lean_mid_upper_left_1_upright_1,screw,clip_mvp_lean_mid_upper_left_1 + box_side_left,-1216.5,770.7801471262712,1248.8073021811565,-47.89370078740158,30.345675083711466,49.16564181815577,-1.0,-0.0,-0.0,38.1,1.5000000000000002,6.35,0.25,0.0,0.0,"SELECTED Simpson SDS25112 1/4 x 1-1/2 in; nominal shaft and assumed head envelope; ML24Z factory hole positions are PROVISIONAL, not a steel drilling instruction; fit and resistance unqualified"
clip_mvp_lean_mid_upper_left_1_upright_2,screw,clip_mvp_lean_mid_upper_left_1 + box_side_left,-1216.5,734.4500343052413,1258.405369820595,-47.89370078740158,28.915355681308714,49.54351849687382,-1.0,-0.0,-0.0,38.1,1.5000000000000002,6.35,0.25,0.0,0.0,"SELECTED Simpson SDS25112 1/4 x 1-1/2 in; nominal shaft and assumed head envelope; ML24Z factory hole positions are PROVISIONAL, not a steel drilling instruction; fit and resistance unqualified"
clip_mvp_lean_mid_upper_left_1_upright_3,screw,clip_mvp_lean_mid_upper_left_1 + box_side_left,-1216.5,718.6891249941807,1292.5168596398412,-47.89370078740158,28.294847440715778,50.88649053700163,-1.0,-0.0,-0.0,38.1,1.5000000000000002,6.35,0.25,0.0,0.0,"SELECTED Simpson SDS25112 1/4 x 1-1/2 in; nominal shaft and assumed head envelope; ML24Z factory hole positions are PROVISIONAL, not a steel drilling instruction; fit and resistance unqualified"
clip_mvp_lean_mid_upper_left_2_beam_1,screw,clip_mvp_lean_mid_upper_left_2 + lean_beam_mid_upper_left,-94.2,750.6608949430824,1224.8301111115325,-3.708661417322835,29.55357854106624,48.221657917776874,-0.0,-0.6427876096865427,-0.7660444431189752,38.1,1.5000000000000002,6.35,0.25,0.0,0.0,"SELECTED Simpson SDS25112 1/4 x 1-1/2 in; nominal shaft and assumed head envelope; ML24Z factory hole positions are PROVISIONAL, not a steel drilling instruction; fit and resistance unqualified"
clip_mvp_lean_mid_upper_left_2_beam_2,screw,clip_mvp_lean_mid_upper_left_2 + lean_beam_mid_upper_left,-110.2,724.6153838770372,1246.6848898408748,-4.338582677165355,28.528164719568395,49.082082277199795,-0.0,-0.6427876096865427,-0.7660444431189752,38.1,1.5000000000000002,6.35,0.25,0.0,0.0,"SELECTED Simpson SDS25112 1/4 x 1-1/2 in; nominal shaft and assumed head envelope; ML24Z factory hole positions are PROVISIONAL, not a steel drilling instruction; fit and resistance unqualified"
clip_mvp_lean_mid_upper_left_2_beam_3,screw,clip_mvp_lean_mid_upper_left_2 + lean_beam_mid_upper_left,-94.2,698.5698728109919,1268.5396685702171,-3.708661417322835,27.50275089807055,49.942506636622724,-0.0,-0.6427876096865427,-0.7660444431189752,38.1,1.5000000000000002,6.35,0.25,0.0,0.0,"SELECTED Simpson SDS25112 1/4 x 1-1/2 in; nominal shaft and assumed head envelope; ML24Z factory hole positions are PROVISIONAL, not a steel drilling instruction; fit and resistance unqualified"
clip_mvp_lean_mid_upper_left_2_upright_1,screw,clip_mvp_lean_mid_upper_left_2 + lean_principal_left,-78.9,770.7801471262712,1248.8073021811565,-3.1062992125984255,30.345675083711466,49.16564181815577,1.0,-0.0,-0.0,38.1,1.5000000000000002,6.35,0.25,0.0,0.0,"SELECTED Simpson SDS25112 1/4 x 1-1/2 in; nominal shaft and assumed head envelope; ML24Z factory hole positions are PROVISIONAL, not a steel drilling instruction; fit and resistance unqualified"
clip_mvp_lean_mid_upper_left_2_upright_2,screw,clip_mvp_lean_mid_upper_left_2 + lean_principal_left,-78.9,734.4500343052413,1258.405369820595,-3.1062992125984255,28.915355681308714,49.54351849687382,1.0,-0.0,-0.0,38.1,1.5000000000000002,6.35,0.25,0.0,0.0,"SELECTED Simpson SDS25112 1/4 x 1-1/2 in; nominal shaft and assumed head envelope; ML24Z factory hole positions are PROVISIONAL, not a steel drilling instruction; fit and resistance unqualified"
clip_mvp_lean_mid_upper_left_2_upright_3,screw,clip_mvp_lean_mid_upper_left_2 + lean_principal_left,-78.9,718.6891249941807,1292.5168596398412,-3.1062992125984255,28.294847440715778,50.88649053700163,1.0,-0.0,-0.0,38.1,1.5000000000000002,6.35,0.25,0.0,0.0,"SELECTED Simpson SDS25112 1/4 x 1-1/2 in; nominal shaft and assumed head envelope; ML24Z factory hole positions are PROVISIONAL, not a steel drilling instruction; fit and resistance unqualified"
clip_mvp_lean_mid_upper_right_1_beam_1,screw,clip_mvp_lean_mid_upper_right_1 + lean_beam_mid_upper_right,56.1,750.6608949430824,1224.8301111115325,2.2086614173228347,29.55357854106624,48.221657917776874,-0.0,-0.6427876096865427,-0.7660444431189752,38.1,1.5000000000000002,6.35,0.25,0.0,0.0,"SELECTED Simpson SDS25112 1/4 x 1-1/2 in; nominal shaft and assumed head envelope; ML24Z factory hole positions are PROVISIONAL, not a steel drilling instruction; fit and resistance unqualified"
clip_mvp_lean_mid_upper_right_1_beam_2,screw,clip_mvp_lean_mid_upper_right_1 + lean_beam_mid_upper_right,72.1,724.6153838770372,1246.6848898408748,2.838582677165354,28.528164719568395,49.082082277199795,-0.0,-0.6427876096865427,-0.7660444431189752,38.1,1.5000000000000002,6.35,0.25,0.0,0.0,"SELECTED Simpson SDS25112 1/4 x 1-1/2 in; nominal shaft and assumed head envelope; ML24Z factory hole positions are PROVISIONAL, not a steel drilling instruction; fit and resistance unqualified"
clip_mvp_lean_mid_upper_right_1_beam_3,screw,clip_mvp_lean_mid_upper_right_1 + lean_beam_mid_upper_right,56.1,698.5698728109919,1268.5396685702171,2.2086614173228347,27.50275089807055,49.942506636622724,-0.0,-0.6427876096865427,-0.7660444431189752,38.1,1.5000000000000002,6.35,0.25,0.0,0.0,"SELECTED Simpson SDS25112 1/4 x 1-1/2 in; nominal shaft and assumed head envelope; ML24Z factory hole positions are PROVISIONAL, not a steel drilling instruction; fit and resistance unqualified"
clip_mvp_lean_mid_upper_right_1_upright_1,screw,clip_mvp_lean_mid_upper_right_1 + lean_principal_right,40.800000000000004,770.7801471262712,1248.8073021811565,1.6062992125984255,30.345675083711466,49.16564181815577,-1.0,-0.0,-0.0,38.1,1.5000000000000002,6.35,0.25,0.0,0.0,"SELECTED Simpson SDS25112 1/4 x 1-1/2 in; nominal shaft and assumed head envelope; ML24Z factory hole positions are PROVISIONAL, not a steel drilling instruction; fit and resistance unqualified"
clip_mvp_lean_mid_upper_right_1_upright_2,screw,clip_mvp_lean_mid_upper_right_1 + lean_principal_right,40.800000000000004,734.4500343052413,1258.405369820595,1.6062992125984255,28.915355681308714,49.54351849687382,-1.0,-0.0,-0.0,38.1,1.5000000000000002,6.35,0.25,0.0,0.0,"SELECTED Simpson SDS25112 1/4 x 1-1/2 in; nominal shaft and assumed head envelope; ML24Z factory hole positions are PROVISIONAL, not a steel drilling instruction; fit and resistance unqualified"
clip_mvp_lean_mid_upper_right_1_upright_3,screw,clip_mvp_lean_mid_upper_right_1 + lean_principal_right,40.800000000000004,718.6891249941807,1292.5168596398412,1.6062992125984255,28.294847440715778,50.88649053700163,-1.0,-0.0,-0.0,38.1,1.5000000000000002,6.35,0.25,0.0,0.0,"SELECTED Simpson SDS25112 1/4 x 1-1/2 in; nominal shaft and assumed head envelope; ML24Z factory hole positions are PROVISIONAL, not a steel drilling instruction; fit and resistance unqualified"
clip_mvp_lean_mid_upper_right_2_beam_1,screw,clip_mvp_lean_mid_upper_right_2 + lean_beam_mid_upper_right,1201.2,750.6608949430824,1224.8301111115325,47.29133858267717,29.55357854106624,48.221657917776874,-0.0,-0.6427876096865427,-0.7660444431189752,38.1,1.5000000000000002,6.35,0.25,0.0,0.0,"SELECTED Simpson SDS25112 1/4 x 1-1/2 in; nominal shaft and assumed head envelope; ML24Z factory hole positions are PROVISIONAL, not a steel drilling instruction; fit and resistance unqualified"
clip_mvp_lean_mid_upper_right_2_beam_2,screw,clip_mvp_lean_mid_upper_right_2 + lean_beam_mid_upper_right,1185.2,724.6153838770372,1246.6848898408748,46.66141732283465,28.528164719568395,49.082082277199795,-0.0,-0.6427876096865427,-0.7660444431189752,38.1,1.5000000000000002,6.35,0.25,0.0,0.0,"SELECTED Simpson SDS25112 1/4 x 1-1/2 in; nominal shaft and assumed head envelope; ML24Z factory hole positions are PROVISIONAL, not a steel drilling instruction; fit and resistance unqualified"
clip_mvp_lean_mid_upper_right_2_beam_3,screw,clip_mvp_lean_mid_upper_right_2 + lean_beam_mid_upper_right,1201.2,698.5698728109919,1268.5396685702171,47.29133858267717,27.50275089807055,49.942506636622724,-0.0,-0.6427876096865427,-0.7660444431189752,38.1,1.5000000000000002,6.35,0.25,0.0,0.0,"SELECTED Simpson SDS25112 1/4 x 1-1/2 in; nominal shaft and assumed head envelope; ML24Z factory hole positions are PROVISIONAL, not a steel drilling instruction; fit and resistance unqualified"
clip_mvp_lean_mid_upper_right_2_upright_1,screw,clip_mvp_lean_mid_upper_right_2 + box_side_right,1216.5,770.7801471262712,1248.8073021811565,47.89370078740158,30.345675083711466,49.16564181815577,1.0,-0.0,-0.0,38.1,1.5000000000000002,6.35,0.25,0.0,0.0,"SELECTED Simpson SDS25112 1/4 x 1-1/2 in; nominal shaft and assumed head envelope; ML24Z factory hole positions are PROVISIONAL, not a steel drilling instruction; fit and resistance unqualified"
clip_mvp_lean_mid_upper_right_2_upright_2,screw,clip_mvp_lean_mid_upper_right_2 + box_side_right,1216.5,734.4500343052413,1258.405369820595,47.89370078740158,28.915355681308714,49.54351849687382,1.0,-0.0,-0.0,38.1,1.5000000000000002,6.35,0.25,0.0,0.0,"SELECTED Simpson SDS25112 1/4 x 1-1/2 in; nominal shaft and assumed head envelope; ML24Z factory hole positions are PROVISIONAL, not a steel drilling instruction; fit and resistance unqualified"
clip_mvp_lean_mid_upper_right_2_upright_3,screw,clip_mvp_lean_mid_upper_right_2 + box_side_right,1216.5,718.6891249941807,1292.5168596398412,47.89370078740158,28.294847440715778,50.88649053700163,1.0,-0.0,-0.0,38.1,1.5000000000000002,6.35,0.25,0.0,0.0,"SELECTED Simpson SDS25112 1/4 x 1-1/2 in; nominal shaft and assumed head envelope; ML24Z factory hole positions are PROVISIONAL, not a steel drilling instruction; fit and resistance unqualified"
clip_mvp_lean_top_left_1_beam_1,screw,clip_mvp_lean_top_left_1 + lean_beam_top_left,-1201.2,1481.8960797224897,2096.282269603682,-47.29133858267717,58.34236534340511,82.530798015893,0.0,0.6427876096865427,0.7660444431189752,38.1,1.5000000000000002,6.35,0.25,0.0,0.0,"SELECTED Simpson SDS25112 1/4 x 1-1/2 in; nominal shaft and assumed head envelope; ML24Z factory hole positions are PROVISIONAL, not a steel drilling instruction; fit and resistance unqualified"
clip_mvp_lean_top_left_1_beam_2,screw,clip_mvp_lean_top_left_1 + lean_beam_top_left,-1185.2,1455.8505686564445,2118.1370483330243,-46.66141732283465,57.316951521907264,83.39122237531592,0.0,0.6427876096865427,0.7660444431189752,38.1,1.5000000000000002,6.35,0.25,0.0,0.0,"SELECTED Simpson SDS25112 1/4 x 1-1/2 in; nominal shaft and assumed head envelope; ML24Z factory hole positions are PROVISIONAL, not a steel drilling instruction; fit and resistance unqualified"
clip_mvp_lean_top_left_1_beam_3,screw,clip_mvp_lean_top_left_1 + lean_beam_top_left,-1201.2,1429.8050575903992,2139.9918270623666,-47.29133858267717,56.29153770040942,84.25164673473884,0.0,0.6427876096865427,0.7660444431189752,38.1,1.5000000000000002,6.35,0.25,0.0,0.0,"SELECTED Simpson SDS25112 1/4 x 1-1/2 in; nominal shaft and assumed head envelope; ML24Z factory hole positions are PROVISIONAL, not a steel drilling instruction; fit and resistance unqualified"
clip_mvp_lean_top_left_1_upright_1,screw,clip_mvp_lean_top_left_1 + box_side_left,-1216.5,1461.7768275393012,2072.3050785340583,-47.89370078740158,57.550268800759895,81.58681411551412,-1.0,-0.0,-0.0,38.1,1.5000000000000002,6.35,0.25,0.0,0.0,"SELECTED Simpson SDS25112 1/4 x 1-1/2 in; nominal shaft and assumed head envelope; ML24Z factory hole positions are PROVISIONAL, not a steel drilling instruction; fit and resistance unqualified"
clip_mvp_lean_top_left_1_upright_2,screw,clip_mvp_lean_top_left_1 + box_side_left,-1216.5,1446.0159182282405,2106.4165683533042,-47.89370078740158,56.929760560166955,82.9297861556419,-1.0,-0.0,-0.0,38.1,1.5000000000000002,6.35,0.25,0.0,0.0,"SELECTED Simpson SDS25112 1/4 x 1-1/2 in; nominal shaft and assumed head envelope; ML24Z factory hole positions are PROVISIONAL, not a steel drilling instruction; fit and resistance unqualified"
clip_mvp_lean_top_left_1_upright_3,screw,clip_mvp_lean_top_left_1 + box_side_left,-1216.5,1409.6858054072106,2116.014635992743,-47.89370078740158,55.4994411577642,83.30766283435996,-1.0,-0.0,-0.0,38.1,1.5000000000000002,6.35,0.25,0.0,0.0,"SELECTED Simpson SDS25112 1/4 x 1-1/2 in; nominal shaft and assumed head envelope; ML24Z factory hole positions are PROVISIONAL, not a steel drilling instruction; fit and resistance unqualified"
clip_mvp_lean_top_left_2_beam_1,screw,clip_mvp_lean_top_left_2 + lean_beam_top_left,-94.2,1481.8960797224897,2096.282269603682,-3.708661417322835,58.34236534340511,82.530798015893,0.0,0.6427876096865427,0.7660444431189752,38.1,1.5000000000000002,6.35,0.25,0.0,0.0,"SELECTED Simpson SDS25112 1/4 x 1-1/2 in; nominal shaft and assumed head envelope; ML24Z factory hole positions are PROVISIONAL, not a steel drilling instruction; fit and resistance unqualified"
clip_mvp_lean_top_left_2_beam_2,screw,clip_mvp_lean_top_left_2 + lean_beam_top_left,-110.2,1455.8505686564445,2118.1370483330243,-4.338582677165355,57.316951521907264,83.39122237531592,0.0,0.6427876096865427,0.7660444431189752,38.1,1.5000000000000002,6.35,0.25,0.0,0.0,"SELECTED Simpson SDS25112 1/4 x 1-1/2 in; nominal shaft and assumed head envelope; ML24Z factory hole positions are PROVISIONAL, not a steel drilling instruction; fit and resistance unqualified"
clip_mvp_lean_top_left_2_beam_3,screw,clip_mvp_lean_top_left_2 + lean_beam_top_left,-94.2,1429.8050575903992,2139.9918270623666,-3.708661417322835,56.29153770040942,84.25164673473884,0.0,0.6427876096865427,0.7660444431189752,38.1,1.5000000000000002,6.35,0.25,0.0,0.0,"SELECTED Simpson SDS25112 1/4 x 1-1/2 in; nominal shaft and assumed head envelope; ML24Z factory hole positions are PROVISIONAL, not a steel drilling instruction; fit and resistance unqualified"
clip_mvp_lean_top_left_2_upright_1,screw,clip_mvp_lean_top_left_2 + lean_principal_left,-78.9,1461.7768275393012,2072.3050785340583,-3.1062992125984255,57.550268800759895,81.58681411551412,1.0,-0.0,-0.0,38.1,1.5000000000000002,6.35,0.25,0.0,0.0,"SELECTED Simpson SDS25112 1/4 x 1-1/2 in; nominal shaft and assumed head envelope; ML24Z factory hole positions are PROVISIONAL, not a steel drilling instruction; fit and resistance unqualified"
clip_mvp_lean_top_left_2_upright_2,screw,clip_mvp_lean_top_left_2 + lean_principal_left,-78.9,1446.0159182282405,2106.4165683533042,-3.1062992125984255,56.929760560166955,82.9297861556419,1.0,-0.0,-0.0,38.1,1.5000000000000002,6.35,0.25,0.0,0.0,"SELECTED Simpson SDS25112 1/4 x 1-1/2 in; nominal shaft and assumed head envelope; ML24Z factory hole positions are PROVISIONAL, not a steel drilling instruction; fit and resistance unqualified"
clip_mvp_lean_top_left_2_upright_3,screw,clip_mvp_lean_top_left_2 + lean_principal_left,-78.9,1409.6858054072106,2116.014635992743,-3.1062992125984255,55.4994411577642,83.30766283435996,1.0,-0.0,-0.0,38.1,1.5000000000000002,6.35,0.25,0.0,0.0,"SELECTED Simpson SDS25112 1/4 x 1-1/2 in; nominal shaft and assumed head envelope; ML24Z factory hole positions are PROVISIONAL, not a steel drilling instruction; fit and resistance unqualified"
clip_mvp_lean_top_right_1_beam_1,screw,clip_mvp_lean_top_right_1 + lean_beam_top_right,56.1,1481.8960797224897,2096.282269603682,2.2086614173228347,58.34236534340511,82.530798015893,0.0,0.6427876096865427,0.7660444431189752,38.1,1.5000000000000002,6.35,0.25,0.0,0.0,"SELECTED Simpson SDS25112 1/4 x 1-1/2 in; nominal shaft and assumed head envelope; ML24Z factory hole positions are PROVISIONAL, not a steel drilling instruction; fit and resistance unqualified"
clip_mvp_lean_top_right_1_beam_2,screw,clip_mvp_lean_top_right_1 + lean_beam_top_right,72.1,1455.8505686564445,2118.1370483330243,2.838582677165354,57.316951521907264,83.39122237531592,0.0,0.6427876096865427,0.7660444431189752,38.1,1.5000000000000002,6.35,0.25,0.0,0.0,"SELECTED Simpson SDS25112 1/4 x 1-1/2 in; nominal shaft and assumed head envelope; ML24Z factory hole positions are PROVISIONAL, not a steel drilling instruction; fit and resistance unqualified"
clip_mvp_lean_top_right_1_beam_3,screw,clip_mvp_lean_top_right_1 + lean_beam_top_right,56.1,1429.8050575903992,2139.9918270623666,2.2086614173228347,56.29153770040942,84.25164673473884,0.0,0.6427876096865427,0.7660444431189752,38.1,1.5000000000000002,6.35,0.25,0.0,0.0,"SELECTED Simpson SDS25112 1/4 x 1-1/2 in; nominal shaft and assumed head envelope; ML24Z factory hole positions are PROVISIONAL, not a steel drilling instruction; fit and resistance unqualified"
clip_mvp_lean_top_right_1_upright_1,screw,clip_mvp_lean_top_right_1 + lean_principal_right,40.800000000000004,1461.7768275393012,2072.3050785340583,1.6062992125984255,57.550268800759895,81.58681411551412,-1.0,-0.0,-0.0,38.1,1.5000000000000002,6.35,0.25,0.0,0.0,"SELECTED Simpson SDS25112 1/4 x 1-1/2 in; nominal shaft and assumed head envelope; ML24Z factory hole positions are PROVISIONAL, not a steel drilling instruction; fit and resistance unqualified"
clip_mvp_lean_top_right_1_upright_2,screw,clip_mvp_lean_top_right_1 + lean_principal_right,40.800000000000004,1446.0159182282405,2106.4165683533042,1.6062992125984255,56.929760560166955,82.9297861556419,-1.0,-0.0,-0.0,38.1,1.5000000000000002,6.35,0.25,0.0,0.0,"SELECTED Simpson SDS25112 1/4 x 1-1/2 in; nominal shaft and assumed head envelope; ML24Z factory hole positions are PROVISIONAL, not a steel drilling instruction; fit and resistance unqualified"
clip_mvp_lean_top_right_1_upright_3,screw,clip_mvp_lean_top_right_1 + lean_principal_right,40.800000000000004,1409.6858054072106,2116.014635992743,1.6062992125984255,55.4994411577642,83.30766283435996,-1.0,-0.0,-0.0,38.1,1.5000000000000002,6.35,0.25,0.0,0.0,"SELECTED Simpson SDS25112 1/4 x 1-1/2 in; nominal shaft and assumed head envelope; ML24Z factory hole positions are PROVISIONAL, not a steel drilling instruction; fit and resistance unqualified"
clip_mvp_lean_top_right_2_beam_1,screw,clip_mvp_lean_top_right_2 + lean_beam_top_right,1201.2,1481.8960797224897,2096.282269603682,47.29133858267717,58.34236534340511,82.530798015893,0.0,0.6427876096865427,0.7660444431189752,38.1,1.5000000000000002,6.35,0.25,0.0,0.0,"SELECTED Simpson SDS25112 1/4 x 1-1/2 in; nominal shaft and assumed head envelope; ML24Z factory hole positions are PROVISIONAL, not a steel drilling instruction; fit and resistance unqualified"
clip_mvp_lean_top_right_2_beam_2,screw,clip_mvp_lean_top_right_2 + lean_beam_top_right,1185.2,1455.8505686564445,2118.1370483330243,46.66141732283465,57.316951521907264,83.39122237531592,0.0,0.6427876096865427,0.7660444431189752,38.1,1.5000000000000002,6.35,0.25,0.0,0.0,"SELECTED Simpson SDS25112 1/4 x 1-1/2 in; nominal shaft and assumed head envelope; ML24Z factory hole positions are PROVISIONAL, not a steel drilling instruction; fit and resistance unqualified"
clip_mvp_lean_top_right_2_beam_3,screw,clip_mvp_lean_top_right_2 + lean_beam_top_right,1201.2,1429.8050575903992,2139.9918270623666,47.29133858267717,56.29153770040942,84.25164673473884,0.0,0.6427876096865427,0.7660444431189752,38.1,1.5000000000000002,6.35,0.25,0.0,0.0,"SELECTED Simpson SDS25112 1/4 x 1-1/2 in; nominal shaft and assumed head envelope; ML24Z factory hole positions are PROVISIONAL, not a steel drilling instruction; fit and resistance unqualified"
clip_mvp_lean_top_right_2_upright_1,screw,clip_mvp_lean_top_right_2 + box_side_right,1216.5,1461.7768275393012,2072.3050785340583,47.89370078740158,57.550268800759895,81.58681411551412,1.0,-0.0,-0.0,38.1,1.5000000000000002,6.35,0.25,0.0,0.0,"SELECTED Simpson SDS25112 1/4 x 1-1/2 in; nominal shaft and assumed head envelope; ML24Z factory hole positions are PROVISIONAL, not a steel drilling instruction; fit and resistance unqualified"
clip_mvp_lean_top_right_2_upright_2,screw,clip_mvp_lean_top_right_2 + box_side_right,1216.5,1446.0159182282405,2106.4165683533042,47.89370078740158,56.929760560166955,82.9297861556419,1.0,-0.0,-0.0,38.1,1.5000000000000002,6.35,0.25,0.0,0.0,"SELECTED Simpson SDS25112 1/4 x 1-1/2 in; nominal shaft and assumed head envelope; ML24Z factory hole positions are PROVISIONAL, not a steel drilling instruction; fit and resistance unqualified"
clip_mvp_lean_top_right_2_upright_3,screw,clip_mvp_lean_top_right_2 + box_side_right,1216.5,1409.6858054072106,2116.014635992743,47.89370078740158,55.4994411577642,83.30766283435996,1.0,-0.0,-0.0,38.1,1.5000000000000002,6.35,0.25,0.0,0.0,"SELECTED Simpson SDS25112 1/4 x 1-1/2 in; nominal shaft and assumed head envelope; ML24Z factory hole positions are PROVISIONAL, not a steel drilling instruction; fit and resistance unqualified"
