connection,kind,members,length_mm,diameter_mm,x_mm,y_mm,z_mm,dx,dy,dz,status
clip_single_top_left_1_beam_1,screw,clip_single_top_left_1 + base_rail_top,38.1,6.35,-1138.8572600000002,1412.164178666573,2154.983252820196,0.0,0.6427876096865427,0.7660444431189752,"Simpson SDS25112, separately purchased; manufacturer nominal underhead/head geometry; simplified unthreaded shaft; no pilot instruction or capacity assignment"
clip_single_top_left_1_beam_2,screw,clip_single_top_left_1 + base_rail_top,38.1,6.35,-1145.2072600000001,1441.350471949406,2130.4930448911387,0.0,0.6427876096865427,0.7660444431189752,"Simpson SDS25112, separately purchased; manufacturer nominal underhead/head geometry; simplified unthreaded shaft; no pilot instruction or capacity assignment"
clip_single_top_left_1_beam_3,screw,clip_single_top_left_1 + base_rail_top,38.1,6.35,-1138.8572600000002,1470.536765232239,2106.0028369620813,0.0,0.6427876096865427,0.7660444431189752,"Simpson SDS25112, separately purchased; manufacturer nominal underhead/head geometry; simplified unthreaded shaft; no pilot instruction or capacity assignment"
clip_single_top_left_1_upright_1,screw,clip_single_top_left_1 + base_side_left,38.1,6.35,-1178.5447600000002,1390.7352467286478,2129.445246197717,-1.0,-0.0,-0.0,"Simpson SDS25112, separately purchased; manufacturer nominal underhead/head geometry; simplified unthreaded shaft; no pilot instruction or capacity assignment"
clip_single_top_left_1_upright_2,screw,clip_single_top_left_1 + base_side_left,38.1,6.35,-1178.5447600000002,1415.8398386899714,2100.0906560548547,-1.0,-0.0,-0.0,"Simpson SDS25112, separately purchased; manufacturer nominal underhead/head geometry; simplified unthreaded shaft; no pilot instruction or capacity assignment"
clip_single_top_left_1_upright_3,screw,clip_single_top_left_1 + base_side_left,38.1,6.35,-1178.5447600000002,1449.1078332943139,2080.4648303396025,-1.0,-0.0,-0.0,"Simpson SDS25112, separately purchased; manufacturer nominal underhead/head geometry; simplified unthreaded shaft; no pilot instruction or capacity assignment"
clip_single_top_right_2_beam_1,screw,clip_single_top_right_2 + base_rail_top,38.1,6.35,1138.8572600000002,1470.536765232239,2106.0028369620813,0.0,0.6427876096865427,0.7660444431189752,"Simpson SDS25112, separately purchased; manufacturer nominal underhead/head geometry; simplified unthreaded shaft; no pilot instruction or capacity assignment"
clip_single_top_right_2_beam_2,screw,clip_single_top_right_2 + base_rail_top,38.1,6.35,1145.2072600000001,1441.350471949406,2130.4930448911387,0.0,0.6427876096865427,0.7660444431189752,"Simpson SDS25112, separately purchased; manufacturer nominal underhead/head geometry; simplified unthreaded shaft; no pilot instruction or capacity assignment"
clip_single_top_right_2_beam_3,screw,clip_single_top_right_2 + base_rail_top,38.1,6.35,1138.8572600000002,1412.164178666573,2154.983252820196,0.0,0.6427876096865427,0.7660444431189752,"Simpson SDS25112, separately purchased; manufacturer nominal underhead/head geometry; simplified unthreaded shaft; no pilot instruction or capacity assignment"
clip_single_top_right_2_upright_1,screw,clip_single_top_right_2 + base_side_right,38.1,6.35,1178.5447600000002,1449.1078332943139,2080.4648303396025,1.0,-0.0,-0.0,"Simpson SDS25112, separately purchased; manufacturer nominal underhead/head geometry; simplified unthreaded shaft; no pilot instruction or capacity assignment"
clip_single_top_right_2_upright_2,screw,clip_single_top_right_2 + base_side_right,38.1,6.35,1178.5447600000002,1415.8398386899714,2100.0906560548547,1.0,-0.0,-0.0,"Simpson SDS25112, separately purchased; manufacturer nominal underhead/head geometry; simplified unthreaded shaft; no pilot instruction or capacity assignment"
clip_single_top_right_2_upright_3,screw,clip_single_top_right_2 + base_side_right,38.1,6.35,1178.5447600000002,1390.7352467286478,2129.445246197717,1.0,-0.0,-0.0,"Simpson SDS25112, separately purchased; manufacturer nominal underhead/head geometry; simplified unthreaded shaft; no pilot instruction or capacity assignment"
clip_timber_header_outer_left_beam_1,screw,clip_timber_header_outer_left + base_header,38.1,6.35,-1138.8572600000002,-143.95,184.34476,-0.0,-0.0,1.0,"Simpson SDS25112, separately purchased; manufacturer nominal underhead/head geometry; simplified unthreaded shaft; no pilot instruction or capacity assignment"
clip_timber_header_outer_left_beam_2,screw,clip_timber_header_outer_left + base_header,38.1,6.35,-1145.2072600000001,-105.85,184.34476,-0.0,-0.0,1.0,"Simpson SDS25112, separately purchased; manufacturer nominal underhead/head geometry; simplified unthreaded shaft; no pilot instruction or capacity assignment"
clip_timber_header_outer_left_beam_3,screw,clip_timber_header_outer_left + base_header,38.1,6.35,-1138.8572600000002,-67.75,184.34476,-0.0,-0.0,1.0,"Simpson SDS25112, separately purchased; manufacturer nominal underhead/head geometry; simplified unthreaded shaft; no pilot instruction or capacity assignment"
clip_timber_header_outer_left_upright_1,screw,clip_timber_header_outer_left + base_post_outer_left,38.1,6.35,-1178.5447600000002,-143.95,151.00726,-1.0,-0.0,-0.0,"Simpson SDS25112, separately purchased; manufacturer nominal underhead/head geometry; simplified unthreaded shaft; no pilot instruction or capacity assignment"
clip_timber_header_outer_left_upright_2,screw,clip_timber_header_outer_left + base_post_outer_left,38.1,6.35,-1178.5447600000002,-105.85,144.65726,-1.0,-0.0,-0.0,"Simpson SDS25112, separately purchased; manufacturer nominal underhead/head geometry; simplified unthreaded shaft; no pilot instruction or capacity assignment"
clip_timber_header_outer_left_upright_3,screw,clip_timber_header_outer_left + base_post_outer_left,38.1,6.35,-1178.5447600000002,-67.75,151.00726,-1.0,-0.0,-0.0,"Simpson SDS25112, separately purchased; manufacturer nominal underhead/head geometry; simplified unthreaded shaft; no pilot instruction or capacity assignment"
clip_timber_header_outer_right_beam_1,screw,clip_timber_header_outer_right + base_header,38.1,6.35,1138.8572600000002,-67.75,184.34476,-0.0,-0.0,1.0,"Simpson SDS25112, separately purchased; manufacturer nominal underhead/head geometry; simplified unthreaded shaft; no pilot instruction or capacity assignment"
clip_timber_header_outer_right_beam_2,screw,clip_timber_header_outer_right + base_header,38.1,6.35,1145.2072600000001,-105.85,184.34476,-0.0,-0.0,1.0,"Simpson SDS25112, separately purchased; manufacturer nominal underhead/head geometry; simplified unthreaded shaft; no pilot instruction or capacity assignment"
clip_timber_header_outer_right_beam_3,screw,clip_timber_header_outer_right + base_header,38.1,6.35,1138.8572600000002,-143.95,184.34476,-0.0,-0.0,1.0,"Simpson SDS25112, separately purchased; manufacturer nominal underhead/head geometry; simplified unthreaded shaft; no pilot instruction or capacity assignment"
clip_timber_header_outer_right_upright_1,screw,clip_timber_header_outer_right + base_post_outer_right,38.1,6.35,1178.5447600000002,-67.75,151.00726,1.0,-0.0,-0.0,"Simpson SDS25112, separately purchased; manufacturer nominal underhead/head geometry; simplified unthreaded shaft; no pilot instruction or capacity assignment"
clip_timber_header_outer_right_upright_2,screw,clip_timber_header_outer_right + base_post_outer_right,38.1,6.35,1178.5447600000002,-105.85,144.65726,1.0,-0.0,-0.0,"Simpson SDS25112, separately purchased; manufacturer nominal underhead/head geometry; simplified unthreaded shaft; no pilot instruction or capacity assignment"
clip_timber_header_outer_right_upright_3,screw,clip_timber_header_outer_right + base_post_outer_right,38.1,6.35,1178.5447600000002,-143.95,151.00726,1.0,-0.0,-0.0,"Simpson SDS25112, separately purchased; manufacturer nominal underhead/head geometry; simplified unthreaded shaft; no pilot instruction or capacity assignment"
clip_split_top_center_left_beam_1,screw,clip_split_top_center_left + base_rail_top,38.1,6.35,-131.29273999999998,1470.536765232239,2106.0028369620813,0.0,0.6427876096865427,0.7660444431189752,"Simpson SDS25112, separately purchased; manufacturer nominal underhead/head geometry; simplified unthreaded shaft; no pilot instruction or capacity assignment"
clip_split_top_center_left_beam_2,screw,clip_split_top_center_left + base_rail_top,38.1,6.35,-124.94274,1441.350471949406,2130.4930448911387,0.0,0.6427876096865427,0.7660444431189752,"Simpson SDS25112, separately purchased; manufacturer nominal underhead/head geometry; simplified unthreaded shaft; no pilot instruction or capacity assignment"
clip_split_top_center_left_beam_3,screw,clip_split_top_center_left + base_rail_top,38.1,6.35,-131.29273999999998,1412.164178666573,2154.983252820196,0.0,0.6427876096865427,0.7660444431189752,"Simpson SDS25112, separately purchased; manufacturer nominal underhead/head geometry; simplified unthreaded shaft; no pilot instruction or capacity assignment"
clip_split_top_center_left_upright_1,screw,clip_split_top_center_left + base_principal_center_left,38.1,6.35,-91.60524,1449.1078332943139,2080.4648303396025,1.0,-0.0,-0.0,"Simpson SDS25112, separately purchased; manufacturer nominal underhead/head geometry; simplified unthreaded shaft; no pilot instruction or capacity assignment"
clip_split_top_center_left_upright_2,screw,clip_split_top_center_left + base_principal_center_left,38.1,6.35,-91.60524,1415.8398386899714,2100.0906560548547,1.0,-0.0,-0.0,"Simpson SDS25112, separately purchased; manufacturer nominal underhead/head geometry; simplified unthreaded shaft; no pilot instruction or capacity assignment"
clip_split_top_center_left_upright_3,screw,clip_split_top_center_left + base_principal_center_left,38.1,6.35,-91.60524,1390.7352467286478,2129.445246197717,1.0,-0.0,-0.0,"Simpson SDS25112, separately purchased; manufacturer nominal underhead/head geometry; simplified unthreaded shaft; no pilot instruction or capacity assignment"
clip_split_base_center_left_beam_1,screw,clip_split_base_center_left + base_header,38.1,6.35,-131.29273999999998,-173.1,227.55524,-0.0,-0.0,-1.0,"Simpson SDS25112, separately purchased; manufacturer nominal underhead/head geometry; simplified unthreaded shaft; no pilot instruction or capacity assignment"
clip_split_base_center_left_beam_2,screw,clip_split_base_center_left + base_header,38.1,6.35,-124.94274,-135.0,227.55524,-0.0,-0.0,-1.0,"Simpson SDS25112, separately purchased; manufacturer nominal underhead/head geometry; simplified unthreaded shaft; no pilot instruction or capacity assignment"
clip_split_base_center_left_beam_3,screw,clip_split_base_center_left + base_header,38.1,6.35,-131.29273999999998,-96.9,227.55524,-0.0,-0.0,-1.0,"Simpson SDS25112, separately purchased; manufacturer nominal underhead/head geometry; simplified unthreaded shaft; no pilot instruction or capacity assignment"
clip_split_base_center_left_upright_1,screw,clip_split_base_center_left + base_principal_center_left,38.1,6.35,-91.60524,-173.1,260.89274,1.0,-0.0,-0.0,"Simpson SDS25112, separately purchased; manufacturer nominal underhead/head geometry; simplified unthreaded shaft; no pilot instruction or capacity assignment"
clip_split_base_center_left_upright_2,screw,clip_split_base_center_left + base_principal_center_left,38.1,6.35,-91.60524,-135.0,267.24274,1.0,-0.0,-0.0,"Simpson SDS25112, separately purchased; manufacturer nominal underhead/head geometry; simplified unthreaded shaft; no pilot instruction or capacity assignment"
clip_split_base_center_left_upright_3,screw,clip_split_base_center_left + base_principal_center_left,38.1,6.35,-91.60524,-96.9,260.89274,1.0,-0.0,-0.0,"Simpson SDS25112, separately purchased; manufacturer nominal underhead/head geometry; simplified unthreaded shaft; no pilot instruction or capacity assignment"
clip_split_header_center_left_beam_1,screw,clip_split_header_center_left + base_header,38.1,6.35,-131.29273999999998,-115.375,184.34476,-0.0,-0.0,1.0,"Simpson SDS25112, separately purchased; manufacturer nominal underhead/head geometry; simplified unthreaded shaft; no pilot instruction or capacity assignment"
clip_split_header_center_left_beam_2,screw,clip_split_header_center_left + base_header,38.1,6.35,-124.94274,-153.475,184.34476,-0.0,-0.0,1.0,"Simpson SDS25112, separately purchased; manufacturer nominal underhead/head geometry; simplified unthreaded shaft; no pilot instruction or capacity assignment"
clip_split_header_center_left_beam_3,screw,clip_split_header_center_left + base_header,38.1,6.35,-131.29273999999998,-191.575,184.34476,-0.0,-0.0,1.0,"Simpson SDS25112, separately purchased; manufacturer nominal underhead/head geometry; simplified unthreaded shaft; no pilot instruction or capacity assignment"
clip_split_header_center_left_upright_1,screw,clip_split_header_center_left + base_post_center_left,38.1,6.35,-91.60524,-115.375,151.00726,1.0,-0.0,-0.0,"Simpson SDS25112, separately purchased; manufacturer nominal underhead/head geometry; simplified unthreaded shaft; no pilot instruction or capacity assignment"
clip_split_header_center_left_upright_2,screw,clip_split_header_center_left + base_post_center_left,38.1,6.35,-91.60524,-153.475,144.65726,1.0,-0.0,-0.0,"Simpson SDS25112, separately purchased; manufacturer nominal underhead/head geometry; simplified unthreaded shaft; no pilot instruction or capacity assignment"
clip_split_header_center_left_upright_3,screw,clip_split_header_center_left + base_post_center_left,38.1,6.35,-91.60524,-191.575,151.00726,1.0,-0.0,-0.0,"Simpson SDS25112, separately purchased; manufacturer nominal underhead/head geometry; simplified unthreaded shaft; no pilot instruction or capacity assignment"
clip_split_top_center_right_beam_1,screw,clip_split_top_center_right + base_rail_top,38.1,6.35,131.29273999999998,1412.164178666573,2154.983252820196,0.0,0.6427876096865427,0.7660444431189752,"Simpson SDS25112, separately purchased; manufacturer nominal underhead/head geometry; simplified unthreaded shaft; no pilot instruction or capacity assignment"
clip_split_top_center_right_beam_2,screw,clip_split_top_center_right + base_rail_top,38.1,6.35,124.94274,1441.350471949406,2130.4930448911387,0.0,0.6427876096865427,0.7660444431189752,"Simpson SDS25112, separately purchased; manufacturer nominal underhead/head geometry; simplified unthreaded shaft; no pilot instruction or capacity assignment"
clip_split_top_center_right_beam_3,screw,clip_split_top_center_right + base_rail_top,38.1,6.35,131.29273999999998,1470.536765232239,2106.0028369620813,0.0,0.6427876096865427,0.7660444431189752,"Simpson SDS25112, separately purchased; manufacturer nominal underhead/head geometry; simplified unthreaded shaft; no pilot instruction or capacity assignment"
clip_split_top_center_right_upright_1,screw,clip_split_top_center_right + base_principal_center_right,38.1,6.35,91.60524,1390.7352467286478,2129.445246197717,-1.0,-0.0,-0.0,"Simpson SDS25112, separately purchased; manufacturer nominal underhead/head geometry; simplified unthreaded shaft; no pilot instruction or capacity assignment"
clip_split_top_center_right_upright_2,screw,clip_split_top_center_right + base_principal_center_right,38.1,6.35,91.60524,1415.8398386899714,2100.0906560548547,-1.0,-0.0,-0.0,"Simpson SDS25112, separately purchased; manufacturer nominal underhead/head geometry; simplified unthreaded shaft; no pilot instruction or capacity assignment"
clip_split_top_center_right_upright_3,screw,clip_split_top_center_right + base_principal_center_right,38.1,6.35,91.60524,1449.1078332943139,2080.4648303396025,-1.0,-0.0,-0.0,"Simpson SDS25112, separately purchased; manufacturer nominal underhead/head geometry; simplified unthreaded shaft; no pilot instruction or capacity assignment"
clip_split_base_center_right_beam_1,screw,clip_split_base_center_right + base_header,38.1,6.35,131.29273999999998,-96.9,227.55524,-0.0,-0.0,-1.0,"Simpson SDS25112, separately purchased; manufacturer nominal underhead/head geometry; simplified unthreaded shaft; no pilot instruction or capacity assignment"
clip_split_base_center_right_beam_2,screw,clip_split_base_center_right + base_header,38.1,6.35,124.94274,-135.0,227.55524,-0.0,-0.0,-1.0,"Simpson SDS25112, separately purchased; manufacturer nominal underhead/head geometry; simplified unthreaded shaft; no pilot instruction or capacity assignment"
clip_split_base_center_right_beam_3,screw,clip_split_base_center_right + base_header,38.1,6.35,131.29273999999998,-173.1,227.55524,-0.0,-0.0,-1.0,"Simpson SDS25112, separately purchased; manufacturer nominal underhead/head geometry; simplified unthreaded shaft; no pilot instruction or capacity assignment"
clip_split_base_center_right_upright_1,screw,clip_split_base_center_right + base_principal_center_right,38.1,6.35,91.60524,-96.9,260.89274,-1.0,-0.0,-0.0,"Simpson SDS25112, separately purchased; manufacturer nominal underhead/head geometry; simplified unthreaded shaft; no pilot instruction or capacity assignment"
clip_split_base_center_right_upright_2,screw,clip_split_base_center_right + base_principal_center_right,38.1,6.35,91.60524,-135.0,267.24274,-1.0,-0.0,-0.0,"Simpson SDS25112, separately purchased; manufacturer nominal underhead/head geometry; simplified unthreaded shaft; no pilot instruction or capacity assignment"
clip_split_base_center_right_upright_3,screw,clip_split_base_center_right + base_principal_center_right,38.1,6.35,91.60524,-173.1,260.89274,-1.0,-0.0,-0.0,"Simpson SDS25112, separately purchased; manufacturer nominal underhead/head geometry; simplified unthreaded shaft; no pilot instruction or capacity assignment"
clip_split_header_center_right_beam_1,screw,clip_split_header_center_right + base_header,38.1,6.35,131.29273999999998,-191.575,184.34476,-0.0,-0.0,1.0,"Simpson SDS25112, separately purchased; manufacturer nominal underhead/head geometry; simplified unthreaded shaft; no pilot instruction or capacity assignment"
clip_split_header_center_right_beam_2,screw,clip_split_header_center_right + base_header,38.1,6.35,124.94274,-153.475,184.34476,-0.0,-0.0,1.0,"Simpson SDS25112, separately purchased; manufacturer nominal underhead/head geometry; simplified unthreaded shaft; no pilot instruction or capacity assignment"
clip_split_header_center_right_beam_3,screw,clip_split_header_center_right + base_header,38.1,6.35,131.29273999999998,-115.375,184.34476,-0.0,-0.0,1.0,"Simpson SDS25112, separately purchased; manufacturer nominal underhead/head geometry; simplified unthreaded shaft; no pilot instruction or capacity assignment"
clip_split_header_center_right_upright_1,screw,clip_split_header_center_right + base_post_center_right,38.1,6.35,91.60524,-191.575,151.00726,-1.0,-0.0,-0.0,"Simpson SDS25112, separately purchased; manufacturer nominal underhead/head geometry; simplified unthreaded shaft; no pilot instruction or capacity assignment"
clip_split_header_center_right_upright_2,screw,clip_split_header_center_right + base_post_center_right,38.1,6.35,91.60524,-153.475,144.65726,-1.0,-0.0,-0.0,"Simpson SDS25112, separately purchased; manufacturer nominal underhead/head geometry; simplified unthreaded shaft; no pilot instruction or capacity assignment"
clip_split_header_center_right_upright_3,screw,clip_split_header_center_right + base_post_center_right,38.1,6.35,91.60524,-115.375,151.00726,-1.0,-0.0,-0.0,"Simpson SDS25112, separately purchased; manufacturer nominal underhead/head geometry; simplified unthreaded shaft; no pilot instruction or capacity assignment"
clip_angle_base_left_beam_1,screw,clip_angle_base_left + base_header,38.1,6.35,-1138.8572600000002,-96.9,227.55524,-0.0,-0.0,-1.0,"Simpson SDS25112, separately purchased; manufacturer nominal underhead/head geometry; simplified unthreaded shaft; no pilot instruction or capacity assignment"
clip_angle_base_left_beam_2,screw,clip_angle_base_left + base_header,38.1,6.35,-1145.2072600000001,-135.0,227.55524,-0.0,-0.0,-1.0,"Simpson SDS25112, separately purchased; manufacturer nominal underhead/head geometry; simplified unthreaded shaft; no pilot instruction or capacity assignment"
clip_angle_base_left_beam_3,screw,clip_angle_base_left + base_header,38.1,6.35,-1138.8572600000002,-173.1,227.55524,-0.0,-0.0,-1.0,"Simpson SDS25112, separately purchased; manufacturer nominal underhead/head geometry; simplified unthreaded shaft; no pilot instruction or capacity assignment"
clip_angle_base_left_upright_1,screw,clip_angle_base_left + base_side_left,38.1,6.35,-1178.5447600000002,-96.9,260.89274,-1.0,-0.0,-0.0,"Simpson SDS25112, separately purchased; manufacturer nominal underhead/head geometry; simplified unthreaded shaft; no pilot instruction or capacity assignment"
clip_angle_base_left_upright_2,screw,clip_angle_base_left + base_side_left,38.1,6.35,-1178.5447600000002,-135.0,267.24274,-1.0,-0.0,-0.0,"Simpson SDS25112, separately purchased; manufacturer nominal underhead/head geometry; simplified unthreaded shaft; no pilot instruction or capacity assignment"
clip_angle_base_left_upright_3,screw,clip_angle_base_left + base_side_left,38.1,6.35,-1178.5447600000002,-173.1,260.89274,-1.0,-0.0,-0.0,"Simpson SDS25112, separately purchased; manufacturer nominal underhead/head geometry; simplified unthreaded shaft; no pilot instruction or capacity assignment"
clip_angle_base_right_beam_1,screw,clip_angle_base_right + base_header,38.1,6.35,1138.8572600000002,-173.1,227.55524,-0.0,-0.0,-1.0,"Simpson SDS25112, separately purchased; manufacturer nominal underhead/head geometry; simplified unthreaded shaft; no pilot instruction or capacity assignment"
clip_angle_base_right_beam_2,screw,clip_angle_base_right + base_header,38.1,6.35,1145.2072600000001,-135.0,227.55524,-0.0,-0.0,-1.0,"Simpson SDS25112, separately purchased; manufacturer nominal underhead/head geometry; simplified unthreaded shaft; no pilot instruction or capacity assignment"
clip_angle_base_right_beam_3,screw,clip_angle_base_right + base_header,38.1,6.35,1138.8572600000002,-96.9,227.55524,-0.0,-0.0,-1.0,"Simpson SDS25112, separately purchased; manufacturer nominal underhead/head geometry; simplified unthreaded shaft; no pilot instruction or capacity assignment"
clip_angle_base_right_upright_1,screw,clip_angle_base_right + base_side_right,38.1,6.35,1178.5447600000002,-173.1,260.89274,1.0,-0.0,-0.0,"Simpson SDS25112, separately purchased; manufacturer nominal underhead/head geometry; simplified unthreaded shaft; no pilot instruction or capacity assignment"
clip_angle_base_right_upright_2,screw,clip_angle_base_right + base_side_right,38.1,6.35,1178.5447600000002,-135.0,267.24274,1.0,-0.0,-0.0,"Simpson SDS25112, separately purchased; manufacturer nominal underhead/head geometry; simplified unthreaded shaft; no pilot instruction or capacity assignment"
clip_angle_base_right_upright_3,screw,clip_angle_base_right + base_side_right,38.1,6.35,1178.5447600000002,-96.9,260.89274,1.0,-0.0,-0.0,"Simpson SDS25112, separately purchased; manufacturer nominal underhead/head geometry; simplified unthreaded shaft; no pilot instruction or capacity assignment"
clip_horizontal_bottom_left_1_beam_1,screw,clip_horizontal_bottom_left_1 + base_rail_bottom_left,38.1,6.35,-1138.8572600000002,-18.859668758291647,331.00928595686133,-0.0,-0.6427876096865427,-0.7660444431189752,"Simpson SDS25112, separately purchased; manufacturer nominal underhead/head geometry; simplified unthreaded shaft; no pilot instruction or capacity assignment"
clip_horizontal_bottom_left_1_beam_2,screw,clip_horizontal_bottom_left_1 + base_rail_bottom_left,38.1,6.35,-1145.2072600000001,-48.045962041124604,355.4994938859186,-0.0,-0.6427876096865427,-0.7660444431189752,"Simpson SDS25112, separately purchased; manufacturer nominal underhead/head geometry; simplified unthreaded shaft; no pilot instruction or capacity assignment"
clip_horizontal_bottom_left_1_beam_3,screw,clip_horizontal_bottom_left_1 + base_rail_bottom_left,38.1,6.35,-1138.8572600000002,-77.23225532395756,379.98970181497583,-0.0,-0.6427876096865427,-0.7660444431189752,"Simpson SDS25112, separately purchased; manufacturer nominal underhead/head geometry; simplified unthreaded shaft; no pilot instruction or capacity assignment"
clip_horizontal_bottom_left_1_upright_1,screw,clip_horizontal_bottom_left_1 + base_side_left,38.1,6.35,-1178.5447600000002,2.56926317963347,356.5472925793402,-1.0,-0.0,-0.0,"Simpson SDS25112, separately purchased; manufacturer nominal underhead/head geometry; simplified unthreaded shaft; no pilot instruction or capacity assignment"
clip_horizontal_bottom_left_1_upright_2,screw,clip_horizontal_bottom_left_1 + base_side_left,38.1,6.35,-1178.5447600000002,-22.535328781689945,385.9018827222029,-1.0,-0.0,-0.0,"Simpson SDS25112, separately purchased; manufacturer nominal underhead/head geometry; simplified unthreaded shaft; no pilot instruction or capacity assignment"
clip_horizontal_bottom_left_1_upright_3,screw,clip_horizontal_bottom_left_1 + base_side_left,38.1,6.35,-1178.5447600000002,-55.80332338603243,405.5277084374547,-1.0,-0.0,-0.0,"Simpson SDS25112, separately purchased; manufacturer nominal underhead/head geometry; simplified unthreaded shaft; no pilot instruction or capacity assignment"
clip_horizontal_bottom_left_2_beam_1,screw,clip_horizontal_bottom_left_2 + base_rail_bottom_left,38.1,6.35,-131.29273999999998,-77.23225532395756,379.98970181497583,-0.0,-0.6427876096865427,-0.7660444431189752,"Simpson SDS25112, separately purchased; manufacturer nominal underhead/head geometry; simplified unthreaded shaft; no pilot instruction or capacity assignment"
clip_horizontal_bottom_left_2_beam_2,screw,clip_horizontal_bottom_left_2 + base_rail_bottom_left,38.1,6.35,-124.94274,-48.045962041124604,355.4994938859186,-0.0,-0.6427876096865427,-0.7660444431189752,"Simpson SDS25112, separately purchased; manufacturer nominal underhead/head geometry; simplified unthreaded shaft; no pilot instruction or capacity assignment"
clip_horizontal_bottom_left_2_beam_3,screw,clip_horizontal_bottom_left_2 + base_rail_bottom_left,38.1,6.35,-131.29273999999998,-18.859668758291647,331.00928595686133,-0.0,-0.6427876096865427,-0.7660444431189752,"Simpson SDS25112, separately purchased; manufacturer nominal underhead/head geometry; simplified unthreaded shaft; no pilot instruction or capacity assignment"
clip_horizontal_bottom_left_2_upright_1,screw,clip_horizontal_bottom_left_2 + base_principal_center_left,38.1,6.35,-91.60524,-55.80332338603243,405.5277084374547,1.0,-0.0,-0.0,"Simpson SDS25112, separately purchased; manufacturer nominal underhead/head geometry; simplified unthreaded shaft; no pilot instruction or capacity assignment"
clip_horizontal_bottom_left_2_upright_2,screw,clip_horizontal_bottom_left_2 + base_principal_center_left,38.1,6.35,-91.60524,-22.535328781689945,385.9018827222029,1.0,-0.0,-0.0,"Simpson SDS25112, separately purchased; manufacturer nominal underhead/head geometry; simplified unthreaded shaft; no pilot instruction or capacity assignment"
clip_horizontal_bottom_left_2_upright_3,screw,clip_horizontal_bottom_left_2 + base_principal_center_left,38.1,6.35,-91.60524,2.56926317963347,356.5472925793402,1.0,-0.0,-0.0,"Simpson SDS25112, separately purchased; manufacturer nominal underhead/head geometry; simplified unthreaded shaft; no pilot instruction or capacity assignment"
clip_horizontal_lower_left_1_beam_1,screw,clip_horizontal_lower_left_1 + base_rail_service_lower_left,38.1,6.35,-1138.8572600000002,532.0593834837634,1106.1152013016913,0.0,0.6427876096865427,0.7660444431189752,"Simpson SDS25112, separately purchased; manufacturer nominal underhead/head geometry; simplified unthreaded shaft; no pilot instruction or capacity assignment"
clip_horizontal_lower_left_1_beam_2,screw,clip_horizontal_lower_left_1 + base_rail_service_lower_left,38.1,6.35,-1145.2072600000001,561.2456767665964,1081.624993372634,0.0,0.6427876096865427,0.7660444431189752,"Simpson SDS25112, separately purchased; manufacturer nominal underhead/head geometry; simplified unthreaded shaft; no pilot instruction or capacity assignment"
clip_horizontal_lower_left_1_beam_3,screw,clip_horizontal_lower_left_1 + base_rail_service_lower_left,38.1,6.35,-1138.8572600000002,590.4319700494293,1057.1347854435767,0.0,0.6427876096865427,0.7660444431189752,"Simpson SDS25112, separately purchased; manufacturer nominal underhead/head geometry; simplified unthreaded shaft; no pilot instruction or capacity assignment"
clip_horizontal_lower_left_1_upright_1,screw,clip_horizontal_lower_left_1 + base_side_left,38.1,6.35,-1178.5447600000002,510.63045154583835,1080.5771946792124,-1.0,-0.0,-0.0,"Simpson SDS25112, separately purchased; manufacturer nominal underhead/head geometry; simplified unthreaded shaft; no pilot instruction or capacity assignment"
clip_horizontal_lower_left_1_upright_2,screw,clip_horizontal_lower_left_1 + base_side_left,38.1,6.35,-1178.5447600000002,535.7350435071618,1051.2226045363495,-1.0,-0.0,-0.0,"Simpson SDS25112, separately purchased; manufacturer nominal underhead/head geometry; simplified unthreaded shaft; no pilot instruction or capacity assignment"
clip_horizontal_lower_left_1_upright_3,screw,clip_horizontal_lower_left_1 + base_side_left,38.1,6.35,-1178.5447600000002,569.0030381115042,1031.5967788210978,-1.0,-0.0,-0.0,"Simpson SDS25112, separately purchased; manufacturer nominal underhead/head geometry; simplified unthreaded shaft; no pilot instruction or capacity assignment"
clip_horizontal_lower_left_2_beam_1,screw,clip_horizontal_lower_left_2 + base_rail_service_lower_left,38.1,6.35,-131.29273999999998,590.4319700494293,1057.1347854435767,0.0,0.6427876096865427,0.7660444431189752,"Simpson SDS25112, separately purchased; manufacturer nominal underhead/head geometry; simplified unthreaded shaft; no pilot instruction or capacity assignment"
clip_horizontal_lower_left_2_beam_2,screw,clip_horizontal_lower_left_2 + base_rail_service_lower_left,38.1,6.35,-124.94274,561.2456767665964,1081.624993372634,0.0,0.6427876096865427,0.7660444431189752,"Simpson SDS25112, separately purchased; manufacturer nominal underhead/head geometry; simplified unthreaded shaft; no pilot instruction or capacity assignment"
clip_horizontal_lower_left_2_beam_3,screw,clip_horizontal_lower_left_2 + base_rail_service_lower_left,38.1,6.35,-131.29273999999998,532.0593834837634,1106.1152013016913,0.0,0.6427876096865427,0.7660444431189752,"Simpson SDS25112, separately purchased; manufacturer nominal underhead/head geometry; simplified unthreaded shaft; no pilot instruction or capacity assignment"
clip_horizontal_lower_left_2_upright_1,screw,clip_horizontal_lower_left_2 + base_principal_center_left,38.1,6.35,-91.60524,569.0030381115042,1031.5967788210978,1.0,-0.0,-0.0,"Simpson SDS25112, separately purchased; manufacturer nominal underhead/head geometry; simplified unthreaded shaft; no pilot instruction or capacity assignment"
clip_horizontal_lower_left_2_upright_2,screw,clip_horizontal_lower_left_2 + base_principal_center_left,38.1,6.35,-91.60524,535.7350435071618,1051.2226045363495,1.0,-0.0,-0.0,"Simpson SDS25112, separately purchased; manufacturer nominal underhead/head geometry; simplified unthreaded shaft; no pilot instruction or capacity assignment"
clip_horizontal_lower_left_2_upright_3,screw,clip_horizontal_lower_left_2 + base_principal_center_left,38.1,6.35,-91.60524,510.63045154583835,1080.5771946792124,1.0,-0.0,-0.0,"Simpson SDS25112, separately purchased; manufacturer nominal underhead/head geometry; simplified unthreaded shaft; no pilot instruction or capacity assignment"
clip_horizontal_upper_left_1_beam_1,screw,clip_horizontal_upper_left_1 + base_rail_service_upper_left,38.1,6.35,-1138.8572600000002,739.1154805840754,1234.3288932827602,-0.0,-0.6427876096865427,-0.7660444431189752,"Simpson SDS25112, separately purchased; manufacturer nominal underhead/head geometry; simplified unthreaded shaft; no pilot instruction or capacity assignment"
clip_horizontal_upper_left_1_beam_2,screw,clip_horizontal_upper_left_1 + base_rail_service_upper_left,38.1,6.35,-1145.2072600000001,709.9291873012425,1258.8191012118175,-0.0,-0.6427876096865427,-0.7660444431189752,"Simpson SDS25112, separately purchased; manufacturer nominal underhead/head geometry; simplified unthreaded shaft; no pilot instruction or capacity assignment"
clip_horizontal_upper_left_1_beam_3,screw,clip_horizontal_upper_left_1 + base_rail_service_upper_left,38.1,6.35,-1138.8572600000002,680.7428940184095,1283.3093091408748,-0.0,-0.6427876096865427,-0.7660444431189752,"Simpson SDS25112, separately purchased; manufacturer nominal underhead/head geometry; simplified unthreaded shaft; no pilot instruction or capacity assignment"
clip_horizontal_upper_left_1_upright_1,screw,clip_horizontal_upper_left_1 + base_side_left,38.1,6.35,-1178.5447600000002,760.5444125220005,1259.866899905239,-1.0,-0.0,-0.0,"Simpson SDS25112, separately purchased; manufacturer nominal underhead/head geometry; simplified unthreaded shaft; no pilot instruction or capacity assignment"
clip_horizontal_upper_left_1_upright_2,screw,clip_horizontal_upper_left_1 + base_side_left,38.1,6.35,-1178.5447600000002,735.439820560677,1289.221490048102,-1.0,-0.0,-0.0,"Simpson SDS25112, separately purchased; manufacturer nominal underhead/head geometry; simplified unthreaded shaft; no pilot instruction or capacity assignment"
clip_horizontal_upper_left_1_upright_3,screw,clip_horizontal_upper_left_1 + base_side_left,38.1,6.35,-1178.5447600000002,702.1718259563346,1308.8473157633537,-1.0,-0.0,-0.0,"Simpson SDS25112, separately purchased; manufacturer nominal underhead/head geometry; simplified unthreaded shaft; no pilot instruction or capacity assignment"
clip_horizontal_upper_left_2_beam_1,screw,clip_horizontal_upper_left_2 + base_rail_service_upper_left,38.1,6.35,-131.29273999999998,680.7428940184095,1283.3093091408748,-0.0,-0.6427876096865427,-0.7660444431189752,"Simpson SDS25112, separately purchased; manufacturer nominal underhead/head geometry; simplified unthreaded shaft; no pilot instruction or capacity assignment"
clip_horizontal_upper_left_2_beam_2,screw,clip_horizontal_upper_left_2 + base_rail_service_upper_left,38.1,6.35,-124.94274,709.9291873012425,1258.8191012118175,-0.0,-0.6427876096865427,-0.7660444431189752,"Simpson SDS25112, separately purchased; manufacturer nominal underhead/head geometry; simplified unthreaded shaft; no pilot instruction or capacity assignment"
clip_horizontal_upper_left_2_beam_3,screw,clip_horizontal_upper_left_2 + base_rail_service_upper_left,38.1,6.35,-131.29273999999998,739.1154805840754,1234.3288932827602,-0.0,-0.6427876096865427,-0.7660444431189752,"Simpson SDS25112, separately purchased; manufacturer nominal underhead/head geometry; simplified unthreaded shaft; no pilot instruction or capacity assignment"
clip_horizontal_upper_left_2_upright_1,screw,clip_horizontal_upper_left_2 + base_principal_center_left,38.1,6.35,-91.60524,702.1718259563346,1308.8473157633537,1.0,-0.0,-0.0,"Simpson SDS25112, separately purchased; manufacturer nominal underhead/head geometry; simplified unthreaded shaft; no pilot instruction or capacity assignment"
clip_horizontal_upper_left_2_upright_2,screw,clip_horizontal_upper_left_2 + base_principal_center_left,38.1,6.35,-91.60524,735.439820560677,1289.221490048102,1.0,-0.0,-0.0,"Simpson SDS25112, separately purchased; manufacturer nominal underhead/head geometry; simplified unthreaded shaft; no pilot instruction or capacity assignment"
clip_horizontal_upper_left_2_upright_3,screw,clip_horizontal_upper_left_2 + base_principal_center_left,38.1,6.35,-91.60524,760.5444125220005,1259.866899905239,1.0,-0.0,-0.0,"Simpson SDS25112, separately purchased; manufacturer nominal underhead/head geometry; simplified unthreaded shaft; no pilot instruction or capacity assignment"
clip_horizontal_bottom_right_1_beam_1,screw,clip_horizontal_bottom_right_1 + base_rail_bottom_right,38.1,6.35,131.29273999999998,-18.859668758291647,331.00928595686133,-0.0,-0.6427876096865427,-0.7660444431189752,"Simpson SDS25112, separately purchased; manufacturer nominal underhead/head geometry; simplified unthreaded shaft; no pilot instruction or capacity assignment"
clip_horizontal_bottom_right_1_beam_2,screw,clip_horizontal_bottom_right_1 + base_rail_bottom_right,38.1,6.35,124.94274,-48.045962041124604,355.4994938859186,-0.0,-0.6427876096865427,-0.7660444431189752,"Simpson SDS25112, separately purchased; manufacturer nominal underhead/head geometry; simplified unthreaded shaft; no pilot instruction or capacity assignment"
clip_horizontal_bottom_right_1_beam_3,screw,clip_horizontal_bottom_right_1 + base_rail_bottom_right,38.1,6.35,131.29273999999998,-77.23225532395756,379.98970181497583,-0.0,-0.6427876096865427,-0.7660444431189752,"Simpson SDS25112, separately purchased; manufacturer nominal underhead/head geometry; simplified unthreaded shaft; no pilot instruction or capacity assignment"
clip_horizontal_bottom_right_1_upright_1,screw,clip_horizontal_bottom_right_1 + base_principal_center_right,38.1,6.35,91.60524,2.56926317963347,356.5472925793402,-1.0,-0.0,-0.0,"Simpson SDS25112, separately purchased; manufacturer nominal underhead/head geometry; simplified unthreaded shaft; no pilot instruction or capacity assignment"
clip_horizontal_bottom_right_1_upright_2,screw,clip_horizontal_bottom_right_1 + base_principal_center_right,38.1,6.35,91.60524,-22.535328781689945,385.9018827222029,-1.0,-0.0,-0.0,"Simpson SDS25112, separately purchased; manufacturer nominal underhead/head geometry; simplified unthreaded shaft; no pilot instruction or capacity assignment"
clip_horizontal_bottom_right_1_upright_3,screw,clip_horizontal_bottom_right_1 + base_principal_center_right,38.1,6.35,91.60524,-55.80332338603243,405.5277084374547,-1.0,-0.0,-0.0,"Simpson SDS25112, separately purchased; manufacturer nominal underhead/head geometry; simplified unthreaded shaft; no pilot instruction or capacity assignment"
clip_horizontal_bottom_right_2_beam_1,screw,clip_horizontal_bottom_right_2 + base_rail_bottom_right,38.1,6.35,1138.8572600000002,-77.23225532395756,379.98970181497583,-0.0,-0.6427876096865427,-0.7660444431189752,"Simpson SDS25112, separately purchased; manufacturer nominal underhead/head geometry; simplified unthreaded shaft; no pilot instruction or capacity assignment"
clip_horizontal_bottom_right_2_beam_2,screw,clip_horizontal_bottom_right_2 + base_rail_bottom_right,38.1,6.35,1145.2072600000001,-48.045962041124604,355.4994938859186,-0.0,-0.6427876096865427,-0.7660444431189752,"Simpson SDS25112, separately purchased; manufacturer nominal underhead/head geometry; simplified unthreaded shaft; no pilot instruction or capacity assignment"
clip_horizontal_bottom_right_2_beam_3,screw,clip_horizontal_bottom_right_2 + base_rail_bottom_right,38.1,6.35,1138.8572600000002,-18.859668758291647,331.00928595686133,-0.0,-0.6427876096865427,-0.7660444431189752,"Simpson SDS25112, separately purchased; manufacturer nominal underhead/head geometry; simplified unthreaded shaft; no pilot instruction or capacity assignment"
clip_horizontal_bottom_right_2_upright_1,screw,clip_horizontal_bottom_right_2 + base_side_right,38.1,6.35,1178.5447600000002,-55.80332338603243,405.5277084374547,1.0,-0.0,-0.0,"Simpson SDS25112, separately purchased; manufacturer nominal underhead/head geometry; simplified unthreaded shaft; no pilot instruction or capacity assignment"
clip_horizontal_bottom_right_2_upright_2,screw,clip_horizontal_bottom_right_2 + base_side_right,38.1,6.35,1178.5447600000002,-22.535328781689945,385.9018827222029,1.0,-0.0,-0.0,"Simpson SDS25112, separately purchased; manufacturer nominal underhead/head geometry; simplified unthreaded shaft; no pilot instruction or capacity assignment"
clip_horizontal_bottom_right_2_upright_3,screw,clip_horizontal_bottom_right_2 + base_side_right,38.1,6.35,1178.5447600000002,2.56926317963347,356.5472925793402,1.0,-0.0,-0.0,"Simpson SDS25112, separately purchased; manufacturer nominal underhead/head geometry; simplified unthreaded shaft; no pilot instruction or capacity assignment"
clip_horizontal_lower_right_1_beam_1,screw,clip_horizontal_lower_right_1 + base_rail_service_lower_right,38.1,6.35,131.29273999999998,532.0593834837634,1106.1152013016913,0.0,0.6427876096865427,0.7660444431189752,"Simpson SDS25112, separately purchased; manufacturer nominal underhead/head geometry; simplified unthreaded shaft; no pilot instruction or capacity assignment"
clip_horizontal_lower_right_1_beam_2,screw,clip_horizontal_lower_right_1 + base_rail_service_lower_right,38.1,6.35,124.94274,561.2456767665964,1081.624993372634,0.0,0.6427876096865427,0.7660444431189752,"Simpson SDS25112, separately purchased; manufacturer nominal underhead/head geometry; simplified unthreaded shaft; no pilot instruction or capacity assignment"
clip_horizontal_lower_right_1_beam_3,screw,clip_horizontal_lower_right_1 + base_rail_service_lower_right,38.1,6.35,131.29273999999998,590.4319700494293,1057.1347854435767,0.0,0.6427876096865427,0.7660444431189752,"Simpson SDS25112, separately purchased; manufacturer nominal underhead/head geometry; simplified unthreaded shaft; no pilot instruction or capacity assignment"
clip_horizontal_lower_right_1_upright_1,screw,clip_horizontal_lower_right_1 + base_principal_center_right,38.1,6.35,91.60524,510.63045154583835,1080.5771946792124,-1.0,-0.0,-0.0,"Simpson SDS25112, separately purchased; manufacturer nominal underhead/head geometry; simplified unthreaded shaft; no pilot instruction or capacity assignment"
clip_horizontal_lower_right_1_upright_2,screw,clip_horizontal_lower_right_1 + base_principal_center_right,38.1,6.35,91.60524,535.7350435071618,1051.2226045363495,-1.0,-0.0,-0.0,"Simpson SDS25112, separately purchased; manufacturer nominal underhead/head geometry; simplified unthreaded shaft; no pilot instruction or capacity assignment"
clip_horizontal_lower_right_1_upright_3,screw,clip_horizontal_lower_right_1 + base_principal_center_right,38.1,6.35,91.60524,569.0030381115042,1031.5967788210978,-1.0,-0.0,-0.0,"Simpson SDS25112, separately purchased; manufacturer nominal underhead/head geometry; simplified unthreaded shaft; no pilot instruction or capacity assignment"
clip_horizontal_lower_right_2_beam_1,screw,clip_horizontal_lower_right_2 + base_rail_service_lower_right,38.1,6.35,1138.8572600000002,590.4319700494293,1057.1347854435767,0.0,0.6427876096865427,0.7660444431189752,"Simpson SDS25112, separately purchased; manufacturer nominal underhead/head geometry; simplified unthreaded shaft; no pilot instruction or capacity assignment"
clip_horizontal_lower_right_2_beam_2,screw,clip_horizontal_lower_right_2 + base_rail_service_lower_right,38.1,6.35,1145.2072600000001,561.2456767665964,1081.624993372634,0.0,0.6427876096865427,0.7660444431189752,"Simpson SDS25112, separately purchased; manufacturer nominal underhead/head geometry; simplified unthreaded shaft; no pilot instruction or capacity assignment"
clip_horizontal_lower_right_2_beam_3,screw,clip_horizontal_lower_right_2 + base_rail_service_lower_right,38.1,6.35,1138.8572600000002,532.0593834837634,1106.1152013016913,0.0,0.6427876096865427,0.7660444431189752,"Simpson SDS25112, separately purchased; manufacturer nominal underhead/head geometry; simplified unthreaded shaft; no pilot instruction or capacity assignment"
clip_horizontal_lower_right_2_upright_1,screw,clip_horizontal_lower_right_2 + base_side_right,38.1,6.35,1178.5447600000002,569.0030381115042,1031.5967788210978,1.0,-0.0,-0.0,"Simpson SDS25112, separately purchased; manufacturer nominal underhead/head geometry; simplified unthreaded shaft; no pilot instruction or capacity assignment"
clip_horizontal_lower_right_2_upright_2,screw,clip_horizontal_lower_right_2 + base_side_right,38.1,6.35,1178.5447600000002,535.7350435071618,1051.2226045363495,1.0,-0.0,-0.0,"Simpson SDS25112, separately purchased; manufacturer nominal underhead/head geometry; simplified unthreaded shaft; no pilot instruction or capacity assignment"
clip_horizontal_lower_right_2_upright_3,screw,clip_horizontal_lower_right_2 + base_side_right,38.1,6.35,1178.5447600000002,510.63045154583835,1080.5771946792124,1.0,-0.0,-0.0,"Simpson SDS25112, separately purchased; manufacturer nominal underhead/head geometry; simplified unthreaded shaft; no pilot instruction or capacity assignment"
clip_horizontal_upper_right_1_beam_1,screw,clip_horizontal_upper_right_1 + base_rail_service_upper_right,38.1,6.35,131.29273999999998,739.1154805840754,1234.3288932827602,-0.0,-0.6427876096865427,-0.7660444431189752,"Simpson SDS25112, separately purchased; manufacturer nominal underhead/head geometry; simplified unthreaded shaft; no pilot instruction or capacity assignment"
clip_horizontal_upper_right_1_beam_2,screw,clip_horizontal_upper_right_1 + base_rail_service_upper_right,38.1,6.35,124.94274,709.9291873012425,1258.8191012118175,-0.0,-0.6427876096865427,-0.7660444431189752,"Simpson SDS25112, separately purchased; manufacturer nominal underhead/head geometry; simplified unthreaded shaft; no pilot instruction or capacity assignment"
clip_horizontal_upper_right_1_beam_3,screw,clip_horizontal_upper_right_1 + base_rail_service_upper_right,38.1,6.35,131.29273999999998,680.7428940184095,1283.3093091408748,-0.0,-0.6427876096865427,-0.7660444431189752,"Simpson SDS25112, separately purchased; manufacturer nominal underhead/head geometry; simplified unthreaded shaft; no pilot instruction or capacity assignment"
clip_horizontal_upper_right_1_upright_1,screw,clip_horizontal_upper_right_1 + base_principal_center_right,38.1,6.35,91.60524,760.5444125220005,1259.866899905239,-1.0,-0.0,-0.0,"Simpson SDS25112, separately purchased; manufacturer nominal underhead/head geometry; simplified unthreaded shaft; no pilot instruction or capacity assignment"
clip_horizontal_upper_right_1_upright_2,screw,clip_horizontal_upper_right_1 + base_principal_center_right,38.1,6.35,91.60524,735.439820560677,1289.221490048102,-1.0,-0.0,-0.0,"Simpson SDS25112, separately purchased; manufacturer nominal underhead/head geometry; simplified unthreaded shaft; no pilot instruction or capacity assignment"
clip_horizontal_upper_right_1_upright_3,screw,clip_horizontal_upper_right_1 + base_principal_center_right,38.1,6.35,91.60524,702.1718259563346,1308.8473157633537,-1.0,-0.0,-0.0,"Simpson SDS25112, separately purchased; manufacturer nominal underhead/head geometry; simplified unthreaded shaft; no pilot instruction or capacity assignment"
clip_horizontal_upper_right_2_beam_1,screw,clip_horizontal_upper_right_2 + base_rail_service_upper_right,38.1,6.35,1138.8572600000002,680.7428940184095,1283.3093091408748,-0.0,-0.6427876096865427,-0.7660444431189752,"Simpson SDS25112, separately purchased; manufacturer nominal underhead/head geometry; simplified unthreaded shaft; no pilot instruction or capacity assignment"
clip_horizontal_upper_right_2_beam_2,screw,clip_horizontal_upper_right_2 + base_rail_service_upper_right,38.1,6.35,1145.2072600000001,709.9291873012425,1258.8191012118175,-0.0,-0.6427876096865427,-0.7660444431189752,"Simpson SDS25112, separately purchased; manufacturer nominal underhead/head geometry; simplified unthreaded shaft; no pilot instruction or capacity assignment"
clip_horizontal_upper_right_2_beam_3,screw,clip_horizontal_upper_right_2 + base_rail_service_upper_right,38.1,6.35,1138.8572600000002,739.1154805840754,1234.3288932827602,-0.0,-0.6427876096865427,-0.7660444431189752,"Simpson SDS25112, separately purchased; manufacturer nominal underhead/head geometry; simplified unthreaded shaft; no pilot instruction or capacity assignment"
clip_horizontal_upper_right_2_upright_1,screw,clip_horizontal_upper_right_2 + base_side_right,38.1,6.35,1178.5447600000002,702.1718259563346,1308.8473157633537,1.0,-0.0,-0.0,"Simpson SDS25112, separately purchased; manufacturer nominal underhead/head geometry; simplified unthreaded shaft; no pilot instruction or capacity assignment"
clip_horizontal_upper_right_2_upright_2,screw,clip_horizontal_upper_right_2 + base_side_right,38.1,6.35,1178.5447600000002,735.439820560677,1289.221490048102,1.0,-0.0,-0.0,"Simpson SDS25112, separately purchased; manufacturer nominal underhead/head geometry; simplified unthreaded shaft; no pilot instruction or capacity assignment"
clip_horizontal_upper_right_2_upright_3,screw,clip_horizontal_upper_right_2 + base_side_right,38.1,6.35,1178.5447600000002,760.5444125220005,1259.866899905239,1.0,-0.0,-0.0,"Simpson SDS25112, separately purchased; manufacturer nominal underhead/head geometry; simplified unthreaded shaft; no pilot instruction or capacity assignment"
timber_panel_lower_left_1,screw,main_lower_left + base_side_left,50.8,4.1402,-1200.15,20.763555469741696,270.7979522621566,0.0,-0.766044443118978,0.6427876096865393,"SPAX XFT08P-2000 #8 x2 in; nominal geometry; head profile and capacity unqualified; fresh drilling; Four horizontal single 2x6 service rails replace four intermediate principals and posts; split center pair and outer base angles retained; provisional rail placement, panel spans, wiring access, connections and stability unqualified; NOT build-ready"
timber_panel_lower_left_2,screw,main_lower_left + base_side_left,50.8,4.1402,-1200.15,727.3156960371856,1112.8340041385372,0.0,-0.766044443118978,0.6427876096865393,"SPAX XFT08P-2000 #8 x2 in; nominal geometry; head profile and capacity unqualified; fresh drilling; Four horizontal single 2x6 service rails replace four intermediate principals and posts; split center pair and outer base angles retained; provisional rail placement, panel spans, wiring access, connections and stability unqualified; NOT build-ready"
timber_panel_lower_left_3,screw,main_lower_left + base_principal_center_left,50.8,4.1402,-70.0,13.050104153503213,261.60541894472885,0.0,-0.766044443118978,0.6427876096865393,"SPAX XFT08P-2000 #8 x2 in; nominal geometry; head profile and capacity unqualified; fresh drilling; Four horizontal single 2x6 service rails replace four intermediate principals and posts; split center pair and outer base angles retained; provisional rail placement, panel spans, wiring access, connections and stability unqualified; NOT build-ready"
timber_panel_lower_left_4,screw,main_lower_left + base_principal_center_left,50.8,4.1402,-70.0,714.4599438434548,1097.5131152761578,0.0,-0.766044443118978,0.6427876096865393,"SPAX XFT08P-2000 #8 x2 in; nominal geometry; head profile and capacity unqualified; fresh drilling; Four horizontal single 2x6 service rails replace four intermediate principals and posts; split center pair and outer base angles retained; provisional rail placement, panel spans, wiring access, connections and stability unqualified; NOT build-ready"
timber_panel_lower_left_5,screw,main_lower_left + base_side_left,50.8,4.1402,-1200.15,243.42518346515874,536.1557473585705,0.0,-0.766044443118978,0.6427876096865393,"SPAX XFT08P-2000 #8 x2 in; nominal geometry; head profile and capacity unqualified; fresh drilling; Four horizontal single 2x6 service rails replace four intermediate principals and posts; split center pair and outer base angles retained; provisional rail placement, panel spans, wiring access, connections and stability unqualified; NOT build-ready"
timber_panel_lower_left_6,screw,main_lower_left + base_side_left,50.8,4.1402,-1200.15,504.65406804176826,847.4762090421231,0.0,-0.766044443118978,0.6427876096865393,"SPAX XFT08P-2000 #8 x2 in; nominal geometry; head profile and capacity unqualified; fresh drilling; Four horizontal single 2x6 service rails replace four intermediate principals and posts; split center pair and outer base angles retained; provisional rail placement, panel spans, wiring access, connections and stability unqualified; NOT build-ready"
timber_panel_lower_left_7,screw,main_lower_left + base_principal_center_left,50.8,4.1402,-70.0,220.28482951644338,508.57814740628726,0.0,-0.766044443118978,0.6427876096865393,"SPAX XFT08P-2000 #8 x2 in; nominal geometry; head profile and capacity unqualified; fresh drilling; Four horizontal single 2x6 service rails replace four intermediate principals and posts; split center pair and outer base angles retained; provisional rail placement, panel spans, wiring access, connections and stability unqualified; NOT build-ready"
timber_panel_lower_left_8,screw,main_lower_left + base_principal_center_left,50.8,4.1402,-70.0,477.6569884349336,815.302342431126,0.0,-0.766044443118978,0.6427876096865393,"SPAX XFT08P-2000 #8 x2 in; nominal geometry; head profile and capacity unqualified; fresh drilling; Four horizontal single 2x6 service rails replace four intermediate principals and posts; split center pair and outer base angles retained; provisional rail placement, panel spans, wiring access, connections and stability unqualified; NOT build-ready"
timber_panel_lower_left_9,screw,main_lower_left + base_rail_bottom_left,50.8,4.1402,-834.1500000000001,20.152907240539378,270.0702100411935,0.0,-0.766044443118978,0.6427876096865393,"SPAX XFT08P-2000 #8 x2 in; nominal geometry; head profile and capacity unqualified; fresh drilling; Four horizontal single 2x6 service rails replace four intermediate principals and posts; split center pair and outer base angles retained; provisional rail placement, panel spans, wiring access, connections and stability unqualified; NOT build-ready"
timber_panel_lower_left_10,screw,main_lower_left + base_rail_bottom_left,50.8,4.1402,-448.1500000000001,20.152907240539378,270.0702100411935,0.0,-0.766044443118978,0.6427876096865393,"SPAX XFT08P-2000 #8 x2 in; nominal geometry; head profile and capacity unqualified; fresh drilling; Four horizontal single 2x6 service rails replace four intermediate principals and posts; split center pair and outer base angles retained; provisional rail placement, panel spans, wiring access, connections and stability unqualified; NOT build-ready"
timber_panel_lower_right_1,screw,main_lower_right + base_principal_center_right,50.8,4.1402,70.0,33.61930766347247,286.1188411245362,0.0,-0.766044443118978,0.6427876096865393,"SPAX XFT08P-2000 #8 x2 in; nominal geometry; head profile and capacity unqualified; fresh drilling; Four horizontal single 2x6 service rails replace four intermediate principals and posts; split center pair and outer base angles retained; provisional rail placement, panel spans, wiring access, connections and stability unqualified; NOT build-ready"
timber_panel_lower_right_2,screw,main_lower_right + base_principal_center_right,50.8,4.1402,70.0,740.1714482309164,1128.154893000917,0.0,-0.766044443118978,0.6427876096865393,"SPAX XFT08P-2000 #8 x2 in; nominal geometry; head profile and capacity unqualified; fresh drilling; Four horizontal single 2x6 service rails replace four intermediate principals and posts; split center pair and outer base angles retained; provisional rail placement, panel spans, wiring access, connections and stability unqualified; NOT build-ready"
timber_panel_lower_right_3,screw,main_lower_right + base_side_right,50.8,4.1402,1200.15,20.763555469741696,270.7979522621566,0.0,-0.766044443118978,0.6427876096865393,"SPAX XFT08P-2000 #8 x2 in; nominal geometry; head profile and capacity unqualified; fresh drilling; Four horizontal single 2x6 service rails replace four intermediate principals and posts; split center pair and outer base angles retained; provisional rail placement, panel spans, wiring access, connections and stability unqualified; NOT build-ready"
timber_panel_lower_right_4,screw,main_lower_right + base_side_right,50.8,4.1402,1200.15,727.3156960371856,1112.8340041385372,0.0,-0.766044443118978,0.6427876096865393,"SPAX XFT08P-2000 #8 x2 in; nominal geometry; head profile and capacity unqualified; fresh drilling; Four horizontal single 2x6 service rails replace four intermediate principals and posts; split center pair and outer base angles retained; provisional rail placement, panel spans, wiring access, connections and stability unqualified; NOT build-ready"
timber_panel_lower_right_5,screw,main_lower_right + base_principal_center_right,50.8,4.1402,70.0,256.2809356588895,551.47663622095,0.0,-0.766044443118978,0.6427876096865393,"SPAX XFT08P-2000 #8 x2 in; nominal geometry; head profile and capacity unqualified; fresh drilling; Four horizontal single 2x6 service rails replace four intermediate principals and posts; split center pair and outer base angles retained; provisional rail placement, panel spans, wiring access, connections and stability unqualified; NOT build-ready"
timber_panel_lower_right_6,screw,main_lower_right + base_principal_center_right,50.8,4.1402,70.0,517.5098202354992,862.7970979045027,0.0,-0.766044443118978,0.6427876096865393,"SPAX XFT08P-2000 #8 x2 in; nominal geometry; head profile and capacity unqualified; fresh drilling; Four horizontal single 2x6 service rails replace four intermediate principals and posts; split center pair and outer base angles retained; provisional rail placement, panel spans, wiring access, connections and stability unqualified; NOT build-ready"
timber_panel_lower_right_7,screw,main_lower_right + base_side_right,50.8,4.1402,1200.15,243.42518346515874,536.1557473585705,0.0,-0.766044443118978,0.6427876096865393,"SPAX XFT08P-2000 #8 x2 in; nominal geometry; head profile and capacity unqualified; fresh drilling; Four horizontal single 2x6 service rails replace four intermediate principals and posts; split center pair and outer base angles retained; provisional rail placement, panel spans, wiring access, connections and stability unqualified; NOT build-ready"
timber_panel_lower_right_8,screw,main_lower_right + base_side_right,50.8,4.1402,1200.15,504.65406804176826,847.4762090421231,0.0,-0.766044443118978,0.6427876096865393,"SPAX XFT08P-2000 #8 x2 in; nominal geometry; head profile and capacity unqualified; fresh drilling; Four horizontal single 2x6 service rails replace four intermediate principals and posts; split center pair and outer base angles retained; provisional rail placement, panel spans, wiring access, connections and stability unqualified; NOT build-ready"
timber_panel_lower_right_9,screw,main_lower_right + base_rail_bottom_right,50.8,4.1402,365.75000000000006,20.152907240539378,270.0702100411935,0.0,-0.766044443118978,0.6427876096865393,"SPAX XFT08P-2000 #8 x2 in; nominal geometry; head profile and capacity unqualified; fresh drilling; Four horizontal single 2x6 service rails replace four intermediate principals and posts; split center pair and outer base angles retained; provisional rail placement, panel spans, wiring access, connections and stability unqualified; NOT build-ready"
timber_panel_lower_right_10,screw,main_lower_right + base_rail_bottom_right,50.8,4.1402,766.45,20.152907240539378,270.0702100411935,0.0,-0.766044443118978,0.6427876096865393,"SPAX XFT08P-2000 #8 x2 in; nominal geometry; head profile and capacity unqualified; fresh drilling; Four horizontal single 2x6 service rails replace four intermediate principals and posts; split center pair and outer base angles retained; provisional rail placement, panel spans, wiring access, connections and stability unqualified; NOT build-ready"
timber_panel_upper_left_1,screw,main_upper_left + base_side_left,50.8,4.1402,-1200.15,804.4502091995704,1204.7593373128148,0.0,-0.766044443118978,0.6427876096865393,"SPAX XFT08P-2000 #8 x2 in; nominal geometry; head profile and capacity unqualified; fresh drilling; Four horizontal single 2x6 service rails replace four intermediate principals and posts; split center pair and outer base angles retained; provisional rail placement, panel spans, wiring access, connections and stability unqualified; NOT build-ready"
timber_panel_upper_left_2,screw,main_upper_left + base_side_left,50.8,4.1402,-1200.15,1485.2908453795526,2016.1536114644362,0.0,-0.766044443118978,0.6427876096865393,"SPAX XFT08P-2000 #8 x2 in; nominal geometry; head profile and capacity unqualified; fresh drilling; Four horizontal single 2x6 service rails replace four intermediate principals and posts; split center pair and outer base angles retained; provisional rail placement, panel spans, wiring access, connections and stability unqualified; NOT build-ready"
timber_panel_upper_left_3,screw,main_upper_left + base_principal_center_left,50.8,4.1402,-70.0,791.5944570058397,1189.4384484504353,0.0,-0.766044443118978,0.6427876096865393,"SPAX XFT08P-2000 #8 x2 in; nominal geometry; head profile and capacity unqualified; fresh drilling; Four horizontal single 2x6 service rails replace four intermediate principals and posts; split center pair and outer base angles retained; provisional rail placement, panel spans, wiring access, connections and stability unqualified; NOT build-ready"
timber_panel_upper_left_4,screw,main_upper_left + base_principal_center_left,50.8,4.1402,-70.0,1454.4370401145989,1979.3834781947253,0.0,-0.766044443118978,0.6427876096865393,"SPAX XFT08P-2000 #8 x2 in; nominal geometry; head profile and capacity unqualified; fresh drilling; Four horizontal single 2x6 service rails replace four intermediate principals and posts; split center pair and outer base angles retained; provisional rail placement, panel spans, wiring access, connections and stability unqualified; NOT build-ready"
timber_panel_upper_left_5,screw,main_upper_left + base_side_left,50.8,4.1402,-1200.15,1027.1118371949874,1470.1171324092286,0.0,-0.766044443118978,0.6427876096865393,"SPAX XFT08P-2000 #8 x2 in; nominal geometry; head profile and capacity unqualified; fresh drilling; Four horizontal single 2x6 service rails replace four intermediate principals and posts; split center pair and outer base angles retained; provisional rail placement, panel spans, wiring access, connections and stability unqualified; NOT build-ready"
timber_panel_upper_left_6,screw,main_upper_left + base_side_left,50.8,4.1402,-1200.15,1288.3407217715971,1781.4375940927814,0.0,-0.766044443118978,0.6427876096865393,"SPAX XFT08P-2000 #8 x2 in; nominal geometry; head profile and capacity unqualified; fresh drilling; Four horizontal single 2x6 service rails replace four intermediate principals and posts; split center pair and outer base angles retained; provisional rail placement, panel spans, wiring access, connections and stability unqualified; NOT build-ready"
timber_panel_upper_left_7,screw,main_upper_left + base_principal_center_left,50.8,4.1402,-70.0,1004.6142708559585,1443.3055769000644,0.0,-0.766044443118978,0.6427876096865393,"SPAX XFT08P-2000 #8 x2 in; nominal geometry; head profile and capacity unqualified; fresh drilling; Four horizontal single 2x6 service rails replace four intermediate principals and posts; split center pair and outer base angles retained; provisional rail placement, panel spans, wiring access, connections and stability unqualified; NOT build-ready"
timber_panel_upper_left_8,screw,main_upper_left + base_principal_center_left,50.8,4.1402,-70.0,1261.9864297744489,1750.0297719249031,0.0,-0.766044443118978,0.6427876096865393,"SPAX XFT08P-2000 #8 x2 in; nominal geometry; head profile and capacity unqualified; fresh drilling; Four horizontal single 2x6 service rails replace four intermediate principals and posts; split center pair and outer base angles retained; provisional rail placement, panel spans, wiring access, connections and stability unqualified; NOT build-ready"
timber_panel_upper_left_11,screw,main_upper_left + base_rail_top,50.8,4.1402,-819.1500000000001,1537.324502383678,2078.1649091349173,0.0,-0.766044443118978,0.6427876096865393,"SPAX XFT08P-2000 #8 x2 in; nominal geometry; head profile and capacity unqualified; fresh drilling; Four horizontal single 2x6 service rails replace four intermediate principals and posts; split center pair and outer base angles retained; provisional rail placement, panel spans, wiring access, connections and stability unqualified; NOT build-ready"
timber_panel_upper_left_12,screw,main_upper_left + base_rail_top,50.8,4.1402,-438.1500000000001,1537.324502383678,2078.1649091349173,0.0,-0.766044443118978,0.6427876096865393,"SPAX XFT08P-2000 #8 x2 in; nominal geometry; head profile and capacity unqualified; fresh drilling; Four horizontal single 2x6 service rails replace four intermediate principals and posts; split center pair and outer base angles retained; provisional rail placement, panel spans, wiring access, connections and stability unqualified; NOT build-ready"
timber_panel_upper_right_1,screw,main_upper_right + base_principal_center_right,50.8,4.1402,70.0,817.3059613933012,1220.0802261751944,0.0,-0.766044443118978,0.6427876096865393,"SPAX XFT08P-2000 #8 x2 in; nominal geometry; head profile and capacity unqualified; fresh drilling; Four horizontal single 2x6 service rails replace four intermediate principals and posts; split center pair and outer base angles retained; provisional rail placement, panel spans, wiring access, connections and stability unqualified; NOT build-ready"
timber_panel_upper_right_2,screw,main_upper_right + base_principal_center_right,50.8,4.1402,70.0,1494.9326595248508,2027.644278111221,0.0,-0.766044443118978,0.6427876096865393,"SPAX XFT08P-2000 #8 x2 in; nominal geometry; head profile and capacity unqualified; fresh drilling; Four horizontal single 2x6 service rails replace four intermediate principals and posts; split center pair and outer base angles retained; provisional rail placement, panel spans, wiring access, connections and stability unqualified; NOT build-ready"
timber_panel_upper_right_3,screw,main_upper_right + base_side_right,50.8,4.1402,1200.15,804.4502091995704,1204.7593373128148,0.0,-0.766044443118978,0.6427876096865393,"SPAX XFT08P-2000 #8 x2 in; nominal geometry; head profile and capacity unqualified; fresh drilling; Four horizontal single 2x6 service rails replace four intermediate principals and posts; split center pair and outer base angles retained; provisional rail placement, panel spans, wiring access, connections and stability unqualified; NOT build-ready"
timber_panel_upper_right_4,screw,main_upper_right + base_side_right,50.8,4.1402,1200.15,1485.2908453795526,2016.1536114644362,0.0,-0.766044443118978,0.6427876096865393,"SPAX XFT08P-2000 #8 x2 in; nominal geometry; head profile and capacity unqualified; fresh drilling; Four horizontal single 2x6 service rails replace four intermediate principals and posts; split center pair and outer base angles retained; provisional rail placement, panel spans, wiring access, connections and stability unqualified; NOT build-ready"
timber_panel_upper_right_5,screw,main_upper_right + base_principal_center_right,50.8,4.1402,70.0,1039.9675893887184,1485.438021271608,0.0,-0.766044443118978,0.6427876096865393,"SPAX XFT08P-2000 #8 x2 in; nominal geometry; head profile and capacity unqualified; fresh drilling; Four horizontal single 2x6 service rails replace four intermediate principals and posts; split center pair and outer base angles retained; provisional rail placement, panel spans, wiring access, connections and stability unqualified; NOT build-ready"
timber_panel_upper_right_6,screw,main_upper_right + base_principal_center_right,50.8,4.1402,70.0,1301.1964739653276,1796.7584829551608,0.0,-0.766044443118978,0.6427876096865393,"SPAX XFT08P-2000 #8 x2 in; nominal geometry; head profile and capacity unqualified; fresh drilling; Four horizontal single 2x6 service rails replace four intermediate principals and posts; split center pair and outer base angles retained; provisional rail placement, panel spans, wiring access, connections and stability unqualified; NOT build-ready"
timber_panel_upper_right_7,screw,main_upper_right + base_side_right,50.8,4.1402,1200.15,1027.1118371949874,1470.1171324092286,0.0,-0.766044443118978,0.6427876096865393,"SPAX XFT08P-2000 #8 x2 in; nominal geometry; head profile and capacity unqualified; fresh drilling; Four horizontal single 2x6 service rails replace four intermediate principals and posts; split center pair and outer base angles retained; provisional rail placement, panel spans, wiring access, connections and stability unqualified; NOT build-ready"
timber_panel_upper_right_8,screw,main_upper_right + base_side_right,50.8,4.1402,1200.15,1288.3407217715971,1781.4375940927814,0.0,-0.766044443118978,0.6427876096865393,"SPAX XFT08P-2000 #8 x2 in; nominal geometry; head profile and capacity unqualified; fresh drilling; Four horizontal single 2x6 service rails replace four intermediate principals and posts; split center pair and outer base angles retained; provisional rail placement, panel spans, wiring access, connections and stability unqualified; NOT build-ready"
timber_panel_upper_right_11,screw,main_upper_right + base_rail_top,50.8,4.1402,412.75000000000006,1537.324502383678,2078.1649091349173,0.0,-0.766044443118978,0.6427876096865393,"SPAX XFT08P-2000 #8 x2 in; nominal geometry; head profile and capacity unqualified; fresh drilling; Four horizontal single 2x6 service rails replace four intermediate principals and posts; split center pair and outer base angles retained; provisional rail placement, panel spans, wiring access, connections and stability unqualified; NOT build-ready"
timber_panel_upper_right_12,screw,main_upper_right + base_rail_top,50.8,4.1402,806.45,1537.324502383678,2078.1649091349173,0.0,-0.766044443118978,0.6427876096865393,"SPAX XFT08P-2000 #8 x2 in; nominal geometry; head profile and capacity unqualified; fresh drilling; Four horizontal single 2x6 service rails replace four intermediate principals and posts; split center pair and outer base angles retained; provisional rail placement, panel spans, wiring access, connections and stability unqualified; NOT build-ready"
timber_kicker_left_0_1,screw,kicker_left + base_post_outer_left,50.8,4.1402,-1200.15,-17.743750000000002,60.0,0.0,-1.0,0.0,"SPAX XFT08P-2000 #8 x2 in; nominal geometry; head profile and capacity unqualified; fresh drilling; Four horizontal single 2x6 service rails replace four intermediate principals and posts; split center pair and outer base angles retained; provisional rail placement, panel spans, wiring access, connections and stability unqualified; NOT build-ready"
timber_kicker_left_0_2,screw,kicker_left + base_post_outer_left,50.8,4.1402,-1200.15,-17.743750000000002,140.0,0.0,-1.0,0.0,"SPAX XFT08P-2000 #8 x2 in; nominal geometry; head profile and capacity unqualified; fresh drilling; Four horizontal single 2x6 service rails replace four intermediate principals and posts; split center pair and outer base angles retained; provisional rail placement, panel spans, wiring access, connections and stability unqualified; NOT build-ready"
timber_kicker_left_1_1,screw,kicker_left + base_post_center_left,50.8,4.1402,-70.0,-17.743750000000002,50.0,0.0,-1.0,0.0,"SPAX XFT08P-2000 #8 x2 in; nominal geometry; head profile and capacity unqualified; fresh drilling; Four horizontal single 2x6 service rails replace four intermediate principals and posts; split center pair and outer base angles retained; provisional rail placement, panel spans, wiring access, connections and stability unqualified; NOT build-ready"
timber_kicker_left_1_2,screw,kicker_left + base_post_center_left,50.8,4.1402,-70.0,-17.743750000000002,130.0,0.0,-1.0,0.0,"SPAX XFT08P-2000 #8 x2 in; nominal geometry; head profile and capacity unqualified; fresh drilling; Four horizontal single 2x6 service rails replace four intermediate principals and posts; split center pair and outer base angles retained; provisional rail placement, panel spans, wiring access, connections and stability unqualified; NOT build-ready"
timber_kicker_right_0_1,screw,kicker_right + base_post_center_right,50.8,4.1402,70.0,-17.743750000000002,80.0,0.0,-1.0,0.0,"SPAX XFT08P-2000 #8 x2 in; nominal geometry; head profile and capacity unqualified; fresh drilling; Four horizontal single 2x6 service rails replace four intermediate principals and posts; split center pair and outer base angles retained; provisional rail placement, panel spans, wiring access, connections and stability unqualified; NOT build-ready"
timber_kicker_right_0_2,screw,kicker_right + base_post_center_right,50.8,4.1402,70.0,-17.743750000000002,140.0,0.0,-1.0,0.0,"SPAX XFT08P-2000 #8 x2 in; nominal geometry; head profile and capacity unqualified; fresh drilling; Four horizontal single 2x6 service rails replace four intermediate principals and posts; split center pair and outer base angles retained; provisional rail placement, panel spans, wiring access, connections and stability unqualified; NOT build-ready"
timber_kicker_right_1_1,screw,kicker_right + base_post_outer_right,50.8,4.1402,1200.15,-17.743750000000002,60.0,0.0,-1.0,0.0,"SPAX XFT08P-2000 #8 x2 in; nominal geometry; head profile and capacity unqualified; fresh drilling; Four horizontal single 2x6 service rails replace four intermediate principals and posts; split center pair and outer base angles retained; provisional rail placement, panel spans, wiring access, connections and stability unqualified; NOT build-ready"
timber_kicker_right_1_2,screw,kicker_right + base_post_outer_right,50.8,4.1402,1200.15,-17.743750000000002,140.0,0.0,-1.0,0.0,"SPAX XFT08P-2000 #8 x2 in; nominal geometry; head profile and capacity unqualified; fresh drilling; Four horizontal single 2x6 service rails replace four intermediate principals and posts; split center pair and outer base angles retained; provisional rail placement, panel spans, wiring access, connections and stability unqualified; NOT build-ready"
lumber_leg_bolt_left_1,bolt,base_side_left + lumber_leg_left,95.25,9.525,-1179.0680000000002,977.648344820694,1503.5914874204664,-1.0,0.0,0.0,"Spread-group experiment; geometry only, NOT build-ready or strength-qualified; existing 3/8-16 x3.75in dimensional family; NEW 70x50 group, not retrofit drilling; Regular hex head/nut geometry within documented maximum flats/corners; no threads or chamfers modeled; hardware and joint resistance unqualified"
lumber_leg_bolt_left_2,bolt,base_side_left + lumber_leg_left,95.25,9.525,-1179.0680000000002,1009.7877253050211,1541.893709576415,-1.0,0.0,0.0,"Spread-group experiment; geometry only, NOT build-ready or strength-qualified; existing 3/8-16 x3.75in dimensional family; NEW 70x50 group, not retrofit drilling; Regular hex head/nut geometry within documented maximum flats/corners; no threads or chamfers modeled; hardware and joint resistance unqualified"
lumber_leg_bolt_left_3,bolt,base_side_left + lumber_leg_left,95.25,9.525,-1179.0680000000002,959.437322765696,1571.1811218011344,-1.0,0.0,0.0,"Spread-group experiment; geometry only, NOT build-ready or strength-qualified; existing 3/8-16 x3.75in dimensional family; NEW 70x50 group, not retrofit drilling; Regular hex head/nut geometry within documented maximum flats/corners; no threads or chamfers modeled; hardware and joint resistance unqualified"
lumber_leg_bolt_left_4,bolt,base_side_left + lumber_leg_left,95.25,9.525,-1179.0680000000002,991.5767032500231,1609.483343957083,-1.0,0.0,0.0,"Spread-group experiment; geometry only, NOT build-ready or strength-qualified; existing 3/8-16 x3.75in dimensional family; NEW 70x50 group, not retrofit drilling; Regular hex head/nut geometry within documented maximum flats/corners; no threads or chamfers modeled; hardware and joint resistance unqualified"
lumber_leg_bolt_right_1,bolt,base_side_right + lumber_leg_right,95.25,9.525,1179.0680000000002,977.648344820694,1503.5914874204664,1.0,0.0,0.0,"Spread-group experiment; geometry only, NOT build-ready or strength-qualified; existing 3/8-16 x3.75in dimensional family; NEW 70x50 group, not retrofit drilling; Regular hex head/nut geometry within documented maximum flats/corners; no threads or chamfers modeled; hardware and joint resistance unqualified"
lumber_leg_bolt_right_2,bolt,base_side_right + lumber_leg_right,95.25,9.525,1179.0680000000002,1009.7877253050211,1541.893709576415,1.0,0.0,0.0,"Spread-group experiment; geometry only, NOT build-ready or strength-qualified; existing 3/8-16 x3.75in dimensional family; NEW 70x50 group, not retrofit drilling; Regular hex head/nut geometry within documented maximum flats/corners; no threads or chamfers modeled; hardware and joint resistance unqualified"
lumber_leg_bolt_right_3,bolt,base_side_right + lumber_leg_right,95.25,9.525,1179.0680000000002,959.437322765696,1571.1811218011344,1.0,0.0,0.0,"Spread-group experiment; geometry only, NOT build-ready or strength-qualified; existing 3/8-16 x3.75in dimensional family; NEW 70x50 group, not retrofit drilling; Regular hex head/nut geometry within documented maximum flats/corners; no threads or chamfers modeled; hardware and joint resistance unqualified"
lumber_leg_bolt_right_4,bolt,base_side_right + lumber_leg_right,95.25,9.525,1179.0680000000002,991.5767032500231,1609.483343957083,1.0,0.0,0.0,"Spread-group experiment; geometry only, NOT build-ready or strength-qualified; existing 3/8-16 x3.75in dimensional family; NEW 70x50 group, not retrofit drilling; Regular hex head/nut geometry within documented maximum flats/corners; no threads or chamfers modeled; hardware and joint resistance unqualified"
infill_main_lower_left_base_principal_center_left_1_1,screw,main_lower_left + base_principal_center_left,50.8,4.1402,-70.0,82.12834594114993,343.9296617652483,0.0,-0.766044443118978,0.6427876096865393,"SPAX XFT08P-2000 #8 x2 in; nominal geometry; head profile and capacity unqualified; interval infill; Interior-principal panel screws infilled to at most 150 mm between existing endpoint screws; retained geometry and old axes; screw spacing, repair reserves, connection resistance and load qualification require verification; NOT build-ready"
infill_main_lower_left_base_principal_center_left_1_2,screw,main_lower_left + base_principal_center_left,50.8,4.1402,-70.0,151.20658772879665,426.25390458576777,0.0,-0.766044443118978,0.6427876096865393,"SPAX XFT08P-2000 #8 x2 in; nominal geometry; head profile and capacity unqualified; interval infill; Interior-principal panel screws infilled to at most 150 mm between existing endpoint screws; retained geometry and old axes; screw spacing, repair reserves, connection resistance and load qualification require verification; NOT build-ready"
infill_main_lower_left_base_principal_center_left_2_1,screw,main_lower_left + base_principal_center_left,50.8,4.1402,-70.0,306.0755491559401,610.8195457479002,0.0,-0.766044443118978,0.6427876096865393,"SPAX XFT08P-2000 #8 x2 in; nominal geometry; head profile and capacity unqualified; interval infill; Interior-principal panel screws infilled to at most 150 mm between existing endpoint screws; retained geometry and old axes; screw spacing, repair reserves, connection resistance and load qualification require verification; NOT build-ready"
infill_main_lower_left_base_principal_center_left_2_2,screw,main_lower_left + base_principal_center_left,50.8,4.1402,-70.0,391.8662687954369,713.0609440895131,0.0,-0.766044443118978,0.6427876096865393,"SPAX XFT08P-2000 #8 x2 in; nominal geometry; head profile and capacity unqualified; interval infill; Interior-principal panel screws infilled to at most 150 mm between existing endpoint screws; retained geometry and old axes; screw spacing, repair reserves, connection resistance and load qualification require verification; NOT build-ready"
infill_main_lower_left_base_principal_center_left_3_1,screw,main_lower_left + base_principal_center_left,50.8,4.1402,-70.0,556.5913069044407,909.3726000461367,0.0,-0.766044443118978,0.6427876096865393,"SPAX XFT08P-2000 #8 x2 in; nominal geometry; head profile and capacity unqualified; interval infill; Interior-principal panel screws infilled to at most 150 mm between existing endpoint screws; retained geometry and old axes; screw spacing, repair reserves, connection resistance and load qualification require verification; NOT build-ready"
infill_main_lower_left_base_principal_center_left_3_2,screw,main_lower_left + base_principal_center_left,50.8,4.1402,-70.0,635.5256253739477,1003.4428576611472,0.0,-0.766044443118978,0.6427876096865393,"SPAX XFT08P-2000 #8 x2 in; nominal geometry; head profile and capacity unqualified; interval infill; Interior-principal panel screws infilled to at most 150 mm between existing endpoint screws; retained geometry and old axes; screw spacing, repair reserves, connection resistance and load qualification require verification; NOT build-ready"
infill_main_lower_right_base_principal_center_right_1_1,screw,main_lower_right + base_principal_center_right,50.8,4.1402,70.0,107.83985032861149,374.57143949000744,0.0,-0.766044443118978,0.6427876096865393,"SPAX XFT08P-2000 #8 x2 in; nominal geometry; head profile and capacity unqualified; interval infill; Interior-principal panel screws infilled to at most 150 mm between existing endpoint screws; retained geometry and old axes; screw spacing, repair reserves, connection resistance and load qualification require verification; NOT build-ready"
infill_main_lower_right_base_principal_center_right_1_2,screw,main_lower_right + base_principal_center_right,50.8,4.1402,70.0,182.0603929937505,463.0240378554787,0.0,-0.766044443118978,0.6427876096865393,"SPAX XFT08P-2000 #8 x2 in; nominal geometry; head profile and capacity unqualified; interval infill; Interior-principal panel screws infilled to at most 150 mm between existing endpoint screws; retained geometry and old axes; screw spacing, repair reserves, connection resistance and load qualification require verification; NOT build-ready"
infill_main_lower_right_base_principal_center_right_2_1,screw,main_lower_right + base_principal_center_right,50.8,4.1402,70.0,343.3572305177594,655.2501234488009,0.0,-0.766044443118978,0.6427876096865393,"SPAX XFT08P-2000 #8 x2 in; nominal geometry; head profile and capacity unqualified; interval infill; Interior-principal panel screws infilled to at most 150 mm between existing endpoint screws; retained geometry and old axes; screw spacing, repair reserves, connection resistance and load qualification require verification; NOT build-ready"
infill_main_lower_right_base_principal_center_right_2_2,screw,main_lower_right + base_principal_center_right,50.8,4.1402,70.0,430.4335253766293,759.0236106766517,0.0,-0.766044443118978,0.6427876096865393,"SPAX XFT08P-2000 #8 x2 in; nominal geometry; head profile and capacity unqualified; interval infill; Interior-principal panel screws infilled to at most 150 mm between existing endpoint screws; retained geometry and old axes; screw spacing, repair reserves, connection resistance and load qualification require verification; NOT build-ready"
infill_main_lower_right_base_principal_center_right_3_1,screw,main_lower_right + base_principal_center_right,50.8,4.1402,70.0,591.7303629006383,951.2496962699742,0.0,-0.766044443118978,0.6427876096865393,"SPAX XFT08P-2000 #8 x2 in; nominal geometry; head profile and capacity unqualified; interval infill; Interior-principal panel screws infilled to at most 150 mm between existing endpoint screws; retained geometry and old axes; screw spacing, repair reserves, connection resistance and load qualification require verification; NOT build-ready"
infill_main_lower_right_base_principal_center_right_3_2,screw,main_lower_right + base_principal_center_right,50.8,4.1402,70.0,665.9509055657774,1039.7022946354455,0.0,-0.766044443118978,0.6427876096865393,"SPAX XFT08P-2000 #8 x2 in; nominal geometry; head profile and capacity unqualified; interval infill; Interior-principal panel screws infilled to at most 150 mm between existing endpoint screws; retained geometry and old axes; screw spacing, repair reserves, connection resistance and load qualification require verification; NOT build-ready"
infill_main_upper_left_base_principal_center_left_1_1,screw,main_upper_left + base_principal_center_left,50.8,4.1402,-70.0,862.6010616225459,1274.0608246003117,0.0,-0.766044443118978,0.6427876096865393,"SPAX XFT08P-2000 #8 x2 in; nominal geometry; head profile and capacity unqualified; interval infill; Interior-principal panel screws infilled to at most 150 mm between existing endpoint screws; retained geometry and old axes; screw spacing, repair reserves, connection resistance and load qualification require verification; NOT build-ready"
infill_main_upper_left_base_principal_center_left_1_2,screw,main_upper_left + base_principal_center_left,50.8,4.1402,-70.0,933.6076662392522,1358.683200750188,0.0,-0.766044443118978,0.6427876096865393,"SPAX XFT08P-2000 #8 x2 in; nominal geometry; head profile and capacity unqualified; interval infill; Interior-principal panel screws infilled to at most 150 mm between existing endpoint screws; retained geometry and old axes; screw spacing, repair reserves, connection resistance and load qualification require verification; NOT build-ready"
infill_main_upper_left_base_principal_center_left_2_1,screw,main_upper_left + base_principal_center_left,50.8,4.1402,-70.0,1090.4049904954552,1545.5469752416773,0.0,-0.766044443118978,0.6427876096865393,"SPAX XFT08P-2000 #8 x2 in; nominal geometry; head profile and capacity unqualified; interval infill; Interior-principal panel screws infilled to at most 150 mm between existing endpoint screws; retained geometry and old axes; screw spacing, repair reserves, connection resistance and load qualification require verification; NOT build-ready"
infill_main_upper_left_base_principal_center_left_2_2,screw,main_upper_left + base_principal_center_left,50.8,4.1402,-70.0,1176.1957101349522,1647.7883735832902,0.0,-0.766044443118978,0.6427876096865393,"SPAX XFT08P-2000 #8 x2 in; nominal geometry; head profile and capacity unqualified; interval infill; Interior-principal panel screws infilled to at most 150 mm between existing endpoint screws; retained geometry and old axes; screw spacing, repair reserves, connection resistance and load qualification require verification; NOT build-ready"
infill_main_upper_left_base_principal_center_left_3_1,screw,main_upper_left + base_principal_center_left,50.8,4.1402,-70.0,1358.2117349445239,1864.706625059814,0.0,-0.766044443118978,0.6427876096865393,"SPAX XFT08P-2000 #8 x2 in; nominal geometry; head profile and capacity unqualified; interval infill; Interior-principal panel screws infilled to at most 150 mm between existing endpoint screws; retained geometry and old axes; screw spacing, repair reserves, connection resistance and load qualification require verification; NOT build-ready"
infill_main_upper_right_base_principal_center_right_1_1,screw,main_upper_right + base_principal_center_right,50.8,4.1402,70.0,891.5265040584403,1308.5328245406656,0.0,-0.766044443118978,0.6427876096865393,"SPAX XFT08P-2000 #8 x2 in; nominal geometry; head profile and capacity unqualified; interval infill; Interior-principal panel screws infilled to at most 150 mm between existing endpoint screws; retained geometry and old axes; screw spacing, repair reserves, connection resistance and load qualification require verification; NOT build-ready"
infill_main_upper_right_base_principal_center_right_1_2,screw,main_upper_right + base_principal_center_right,50.8,4.1402,70.0,965.7470467235793,1396.9854229061368,0.0,-0.766044443118978,0.6427876096865393,"SPAX XFT08P-2000 #8 x2 in; nominal geometry; head profile and capacity unqualified; interval infill; Interior-principal panel screws infilled to at most 150 mm between existing endpoint screws; retained geometry and old axes; screw spacing, repair reserves, connection resistance and load qualification require verification; NOT build-ready"
infill_main_upper_right_base_principal_center_right_2_1,screw,main_upper_right + base_principal_center_right,50.8,4.1402,70.0,1127.043884247588,1589.211508499459,0.0,-0.766044443118978,0.6427876096865393,"SPAX XFT08P-2000 #8 x2 in; nominal geometry; head profile and capacity unqualified; interval infill; Interior-principal panel screws infilled to at most 150 mm between existing endpoint screws; retained geometry and old axes; screw spacing, repair reserves, connection resistance and load qualification require verification; NOT build-ready"
infill_main_upper_right_base_principal_center_right_2_2,screw,main_upper_right + base_principal_center_right,50.8,4.1402,70.0,1214.120179106458,1692.98499572731,0.0,-0.766044443118978,0.6427876096865393,"SPAX XFT08P-2000 #8 x2 in; nominal geometry; head profile and capacity unqualified; interval infill; Interior-principal panel screws infilled to at most 150 mm between existing endpoint screws; retained geometry and old axes; screw spacing, repair reserves, connection resistance and load qualification require verification; NOT build-ready"
infill_main_upper_right_base_principal_center_right_3_1,screw,main_upper_right + base_principal_center_right,50.8,4.1402,70.0,1365.7752024851686,1873.7204146738475,0.0,-0.766044443118978,0.6427876096865393,"SPAX XFT08P-2000 #8 x2 in; nominal geometry; head profile and capacity unqualified; interval infill; Interior-principal panel screws infilled to at most 150 mm between existing endpoint screws; retained geometry and old axes; screw spacing, repair reserves, connection resistance and load qualification require verification; NOT build-ready"
infill_main_upper_right_base_principal_center_right_3_2,screw,main_upper_right + base_principal_center_right,50.8,4.1402,70.0,1430.3539310050098,1950.6823463925343,0.0,-0.766044443118978,0.6427876096865393,"SPAX XFT08P-2000 #8 x2 in; nominal geometry; head profile and capacity unqualified; interval infill; Interior-principal panel screws infilled to at most 150 mm between existing endpoint screws; retained geometry and old axes; screw spacing, repair reserves, connection resistance and load qualification require verification; NOT build-ready"
horizontal_panel_lower_left_1,screw,main_lower_left + base_rail_service_lower_left,50.8,4.1402,-962.69,657.2197072008685,1029.2968576164128,0.0,-0.766044443118978,0.6427876096865393,"SPAX XFT08P-2000 #8 x2 in; nominal geometry; head profile and capacity unqualified; fresh drilling; Four horizontal single 2x6 service rails replace four intermediate principals and posts; split center pair and outer base angles retained; provisional rail placement, panel spans, wiring access, connections and stability unqualified; NOT build-ready"
horizontal_panel_lower_left_2,screw,main_lower_left + base_rail_service_lower_left,50.8,4.1402,-744.28,657.2197072008685,1029.2968576164128,0.0,-0.766044443118978,0.6427876096865393,"SPAX XFT08P-2000 #8 x2 in; nominal geometry; head profile and capacity unqualified; fresh drilling; Four horizontal single 2x6 service rails replace four intermediate principals and posts; split center pair and outer base angles retained; provisional rail placement, panel spans, wiring access, connections and stability unqualified; NOT build-ready"
horizontal_panel_lower_left_3,screw,main_lower_left + base_rail_service_lower_left,50.8,4.1402,-525.87,657.2197072008685,1029.2968576164128,0.0,-0.766044443118978,0.6427876096865393,"SPAX XFT08P-2000 #8 x2 in; nominal geometry; head profile and capacity unqualified; fresh drilling; Four horizontal single 2x6 service rails replace four intermediate principals and posts; split center pair and outer base angles retained; provisional rail placement, panel spans, wiring access, connections and stability unqualified; NOT build-ready"
horizontal_panel_lower_left_4,screw,main_lower_left + base_rail_service_lower_left,50.8,4.1402,-307.4599999999999,657.2197072008685,1029.2968576164128,0.0,-0.766044443118978,0.6427876096865393,"SPAX XFT08P-2000 #8 x2 in; nominal geometry; head profile and capacity unqualified; fresh drilling; Four horizontal single 2x6 service rails replace four intermediate principals and posts; split center pair and outer base angles retained; provisional rail placement, panel spans, wiring access, connections and stability unqualified; NOT build-ready"
horizontal_panel_upper_left_1,screw,main_upper_left + base_rail_service_upper_left,50.8,4.1402,-962.69,778.1280565829064,1173.3898173670925,0.0,-0.766044443118978,0.6427876096865393,"SPAX XFT08P-2000 #8 x2 in; nominal geometry; head profile and capacity unqualified; fresh drilling; Four horizontal single 2x6 service rails replace four intermediate principals and posts; split center pair and outer base angles retained; provisional rail placement, panel spans, wiring access, connections and stability unqualified; NOT build-ready"
horizontal_panel_upper_left_2,screw,main_upper_left + base_rail_service_upper_left,50.8,4.1402,-744.28,778.1280565829064,1173.3898173670925,0.0,-0.766044443118978,0.6427876096865393,"SPAX XFT08P-2000 #8 x2 in; nominal geometry; head profile and capacity unqualified; fresh drilling; Four horizontal single 2x6 service rails replace four intermediate principals and posts; split center pair and outer base angles retained; provisional rail placement, panel spans, wiring access, connections and stability unqualified; NOT build-ready"
horizontal_panel_upper_left_3,screw,main_upper_left + base_rail_service_upper_left,50.8,4.1402,-525.87,778.1280565829064,1173.3898173670925,0.0,-0.766044443118978,0.6427876096865393,"SPAX XFT08P-2000 #8 x2 in; nominal geometry; head profile and capacity unqualified; fresh drilling; Four horizontal single 2x6 service rails replace four intermediate principals and posts; split center pair and outer base angles retained; provisional rail placement, panel spans, wiring access, connections and stability unqualified; NOT build-ready"
horizontal_panel_upper_left_4,screw,main_upper_left + base_rail_service_upper_left,50.8,4.1402,-307.4599999999999,778.1280565829064,1173.3898173670925,0.0,-0.766044443118978,0.6427876096865393,"SPAX XFT08P-2000 #8 x2 in; nominal geometry; head profile and capacity unqualified; fresh drilling; Four horizontal single 2x6 service rails replace four intermediate principals and posts; split center pair and outer base angles retained; provisional rail placement, panel spans, wiring access, connections and stability unqualified; NOT build-ready"
horizontal_panel_lower_right_1,screw,main_lower_right + base_rail_service_lower_right,50.8,4.1402,307.46000000000004,657.2197072008685,1029.2968576164128,0.0,-0.766044443118978,0.6427876096865393,"SPAX XFT08P-2000 #8 x2 in; nominal geometry; head profile and capacity unqualified; fresh drilling; Four horizontal single 2x6 service rails replace four intermediate principals and posts; split center pair and outer base angles retained; provisional rail placement, panel spans, wiring access, connections and stability unqualified; NOT build-ready"
horizontal_panel_lower_right_2,screw,main_lower_right + base_rail_service_lower_right,50.8,4.1402,525.8700000000001,657.2197072008685,1029.2968576164128,0.0,-0.766044443118978,0.6427876096865393,"SPAX XFT08P-2000 #8 x2 in; nominal geometry; head profile and capacity unqualified; fresh drilling; Four horizontal single 2x6 service rails replace four intermediate principals and posts; split center pair and outer base angles retained; provisional rail placement, panel spans, wiring access, connections and stability unqualified; NOT build-ready"
horizontal_panel_lower_right_3,screw,main_lower_right + base_rail_service_lower_right,50.8,4.1402,744.2800000000001,657.2197072008685,1029.2968576164128,0.0,-0.766044443118978,0.6427876096865393,"SPAX XFT08P-2000 #8 x2 in; nominal geometry; head profile and capacity unqualified; fresh drilling; Four horizontal single 2x6 service rails replace four intermediate principals and posts; split center pair and outer base angles retained; provisional rail placement, panel spans, wiring access, connections and stability unqualified; NOT build-ready"
horizontal_panel_lower_right_4,screw,main_lower_right + base_rail_service_lower_right,50.8,4.1402,962.6900000000002,657.2197072008685,1029.2968576164128,0.0,-0.766044443118978,0.6427876096865393,"SPAX XFT08P-2000 #8 x2 in; nominal geometry; head profile and capacity unqualified; fresh drilling; Four horizontal single 2x6 service rails replace four intermediate principals and posts; split center pair and outer base angles retained; provisional rail placement, panel spans, wiring access, connections and stability unqualified; NOT build-ready"
horizontal_panel_upper_right_1,screw,main_upper_right + base_rail_service_upper_right,50.8,4.1402,307.46000000000004,778.1280565829064,1173.3898173670925,0.0,-0.766044443118978,0.6427876096865393,"SPAX XFT08P-2000 #8 x2 in; nominal geometry; head profile and capacity unqualified; fresh drilling; Four horizontal single 2x6 service rails replace four intermediate principals and posts; split center pair and outer base angles retained; provisional rail placement, panel spans, wiring access, connections and stability unqualified; NOT build-ready"
horizontal_panel_upper_right_2,screw,main_upper_right + base_rail_service_upper_right,50.8,4.1402,525.8700000000001,778.1280565829064,1173.3898173670925,0.0,-0.766044443118978,0.6427876096865393,"SPAX XFT08P-2000 #8 x2 in; nominal geometry; head profile and capacity unqualified; fresh drilling; Four horizontal single 2x6 service rails replace four intermediate principals and posts; split center pair and outer base angles retained; provisional rail placement, panel spans, wiring access, connections and stability unqualified; NOT build-ready"
horizontal_panel_upper_right_3,screw,main_upper_right + base_rail_service_upper_right,50.8,4.1402,744.2800000000001,778.1280565829064,1173.3898173670925,0.0,-0.766044443118978,0.6427876096865393,"SPAX XFT08P-2000 #8 x2 in; nominal geometry; head profile and capacity unqualified; fresh drilling; Four horizontal single 2x6 service rails replace four intermediate principals and posts; split center pair and outer base angles retained; provisional rail placement, panel spans, wiring access, connections and stability unqualified; NOT build-ready"
horizontal_panel_upper_right_4,screw,main_upper_right + base_rail_service_upper_right,50.8,4.1402,962.6900000000002,778.1280565829064,1173.3898173670925,0.0,-0.766044443118978,0.6427876096865393,"SPAX XFT08P-2000 #8 x2 in; nominal geometry; head profile and capacity unqualified; fresh drilling; Four horizontal single 2x6 service rails replace four intermediate principals and posts; split center pair and outer base angles retained; provisional rail placement, panel spans, wiring access, connections and stability unqualified; NOT build-ready"
