feature,label,x_mm,y_mm,x_in,y_in
tnut,A1,200.000,80.000,7.8740,3.1496
tnut,A2,200.000,280.000,7.8740,11.0236
tnut,A3,200.000,480.000,7.8740,18.8976
tnut,A4,200.000,680.000,7.8740,26.7717
tnut,A5,200.000,880.000,7.8740,34.6457
tnut,A6,200.000,1080.000,7.8740,42.5197
tnut,A7,200.000,1280.000,7.8740,50.3937
tnut,A8,200.000,1480.000,7.8740,58.2677
tnut,A9,200.000,1680.000,7.8740,66.1417
tnut,A10,200.000,1880.000,7.8740,74.0157
tnut,A11,200.000,2080.000,7.8740,81.8898
tnut,A12,200.000,2280.000,7.8740,89.7638
tnut,B1,400.000,80.000,15.7480,3.1496
tnut,B2,400.000,280.000,15.7480,11.0236
tnut,B3,400.000,480.000,15.7480,18.8976
tnut,B4,400.000,680.000,15.7480,26.7717
tnut,B5,400.000,880.000,15.7480,34.6457
tnut,B6,400.000,1080.000,15.7480,42.5197
tnut,B7,400.000,1280.000,15.7480,50.3937
tnut,B8,400.000,1480.000,15.7480,58.2677
tnut,B9,400.000,1680.000,15.7480,66.1417
tnut,B10,400.000,1880.000,15.7480,74.0157
tnut,B11,400.000,2080.000,15.7480,81.8898
tnut,B12,400.000,2280.000,15.7480,89.7638
tnut,C1,600.000,80.000,23.6220,3.1496
tnut,C2,600.000,280.000,23.6220,11.0236
tnut,C3,600.000,480.000,23.6220,18.8976
tnut,C4,600.000,680.000,23.6220,26.7717
tnut,C5,600.000,880.000,23.6220,34.6457
tnut,C6,600.000,1080.000,23.6220,42.5197
tnut,C7,600.000,1280.000,23.6220,50.3937
tnut,C8,600.000,1480.000,23.6220,58.2677
tnut,C9,600.000,1680.000,23.6220,66.1417
tnut,C10,600.000,1880.000,23.6220,74.0157
tnut,C11,600.000,2080.000,23.6220,81.8898
tnut,C12,600.000,2280.000,23.6220,89.7638
tnut,D1,800.000,80.000,31.4961,3.1496
tnut,D2,800.000,280.000,31.4961,11.0236
tnut,D3,800.000,480.000,31.4961,18.8976
tnut,D4,800.000,680.000,31.4961,26.7717
tnut,D5,800.000,880.000,31.4961,34.6457
tnut,D6,800.000,1080.000,31.4961,42.5197
tnut,D7,800.000,1280.000,31.4961,50.3937
tnut,D8,800.000,1480.000,31.4961,58.2677
tnut,D9,800.000,1680.000,31.4961,66.1417
tnut,D10,800.000,1880.000,31.4961,74.0157
tnut,D11,800.000,2080.000,31.4961,81.8898
tnut,D12,800.000,2280.000,31.4961,89.7638
tnut,E1,1000.000,80.000,39.3701,3.1496
tnut,E2,1000.000,280.000,39.3701,11.0236
tnut,E3,1000.000,480.000,39.3701,18.8976
tnut,E4,1000.000,680.000,39.3701,26.7717
tnut,E5,1000.000,880.000,39.3701,34.6457
tnut,E6,1000.000,1080.000,39.3701,42.5197
tnut,E7,1000.000,1280.000,39.3701,50.3937
tnut,E8,1000.000,1480.000,39.3701,58.2677
tnut,E9,1000.000,1680.000,39.3701,66.1417
tnut,E10,1000.000,1880.000,39.3701,74.0157
tnut,E11,1000.000,2080.000,39.3701,81.8898
tnut,E12,1000.000,2280.000,39.3701,89.7638
tnut,F1,1200.000,80.000,47.2441,3.1496
tnut,F2,1200.000,280.000,47.2441,11.0236
tnut,F3,1200.000,480.000,47.2441,18.8976
tnut,F4,1200.000,680.000,47.2441,26.7717
tnut,F5,1200.000,880.000,47.2441,34.6457
tnut,F6,1200.000,1080.000,47.2441,42.5197
tnut,F7,1200.000,1280.000,47.2441,50.3937
tnut,F8,1200.000,1480.000,47.2441,58.2677
tnut,F9,1200.000,1680.000,47.2441,66.1417
tnut,F10,1200.000,1880.000,47.2441,74.0157
tnut,F11,1200.000,2080.000,47.2441,81.8898
tnut,F12,1200.000,2280.000,47.2441,89.7638
tnut,G1,1400.000,80.000,55.1181,3.1496
tnut,G2,1400.000,280.000,55.1181,11.0236
tnut,G3,1400.000,480.000,55.1181,18.8976
tnut,G4,1400.000,680.000,55.1181,26.7717
tnut,G5,1400.000,880.000,55.1181,34.6457
tnut,G6,1400.000,1080.000,55.1181,42.5197
tnut,G7,1400.000,1280.000,55.1181,50.3937
tnut,G8,1400.000,1480.000,55.1181,58.2677
tnut,G9,1400.000,1680.000,55.1181,66.1417
tnut,G10,1400.000,1880.000,55.1181,74.0157
tnut,G11,1400.000,2080.000,55.1181,81.8898
tnut,G12,1400.000,2280.000,55.1181,89.7638
tnut,H1,1600.000,80.000,62.9921,3.1496
tnut,H2,1600.000,280.000,62.9921,11.0236
tnut,H3,1600.000,480.000,62.9921,18.8976
tnut,H4,1600.000,680.000,62.9921,26.7717
tnut,H5,1600.000,880.000,62.9921,34.6457
tnut,H6,1600.000,1080.000,62.9921,42.5197
tnut,H7,1600.000,1280.000,62.9921,50.3937
tnut,H8,1600.000,1480.000,62.9921,58.2677
tnut,H9,1600.000,1680.000,62.9921,66.1417
tnut,H10,1600.000,1880.000,62.9921,74.0157
tnut,H11,1600.000,2080.000,62.9921,81.8898
tnut,H12,1600.000,2280.000,62.9921,89.7638
tnut,I1,1800.000,80.000,70.8661,3.1496
tnut,I2,1800.000,280.000,70.8661,11.0236
tnut,I3,1800.000,480.000,70.8661,18.8976
tnut,I4,1800.000,680.000,70.8661,26.7717
tnut,I5,1800.000,880.000,70.8661,34.6457
tnut,I6,1800.000,1080.000,70.8661,42.5197
tnut,I7,1800.000,1280.000,70.8661,50.3937
tnut,I8,1800.000,1480.000,70.8661,58.2677
tnut,I9,1800.000,1680.000,70.8661,66.1417
tnut,I10,1800.000,1880.000,70.8661,74.0157
tnut,I11,1800.000,2080.000,70.8661,81.8898
tnut,I12,1800.000,2280.000,70.8661,89.7638
tnut,J1,2000.000,80.000,78.7402,3.1496
tnut,J2,2000.000,280.000,78.7402,11.0236
tnut,J3,2000.000,480.000,78.7402,18.8976
tnut,J4,2000.000,680.000,78.7402,26.7717
tnut,J5,2000.000,880.000,78.7402,34.6457
tnut,J6,2000.000,1080.000,78.7402,42.5197
tnut,J7,2000.000,1280.000,78.7402,50.3937
tnut,J8,2000.000,1480.000,78.7402,58.2677
tnut,J9,2000.000,1680.000,78.7402,66.1417
tnut,J10,2000.000,1880.000,78.7402,74.0157
tnut,J11,2000.000,2080.000,78.7402,81.8898
tnut,J12,2000.000,2280.000,78.7402,89.7638
tnut,K1,2200.000,80.000,86.6142,3.1496
tnut,K2,2200.000,280.000,86.6142,11.0236
tnut,K3,2200.000,480.000,86.6142,18.8976
tnut,K4,2200.000,680.000,86.6142,26.7717
tnut,K5,2200.000,880.000,86.6142,34.6457
tnut,K6,2200.000,1080.000,86.6142,42.5197
tnut,K7,2200.000,1280.000,86.6142,50.3937
tnut,K8,2200.000,1480.000,86.6142,58.2677
tnut,K9,2200.000,1680.000,86.6142,66.1417
tnut,K10,2200.000,1880.000,86.6142,74.0157
tnut,K11,2200.000,2080.000,86.6142,81.8898
tnut,K12,2200.000,2280.000,86.6142,89.7638
led,A1,200.000,-20.000,7.8740,-0.7874
led,A2,200.000,180.000,7.8740,7.0866
led,A3,200.000,380.000,7.8740,14.9606
led,A4,200.000,580.000,7.8740,22.8346
led,A5,200.000,780.000,7.8740,30.7087
led,A6,200.000,980.000,7.8740,38.5827
led,A7,200.000,1180.000,7.8740,46.4567
led,A8,200.000,1380.000,7.8740,54.3307
led,A9,200.000,1580.000,7.8740,62.2047
led,A10,200.000,1780.000,7.8740,70.0787
led,A11,200.000,1980.000,7.8740,77.9528
led,A12,200.000,2180.000,7.8740,85.8268
led,B1,400.000,-20.000,15.7480,-0.7874
led,B2,400.000,180.000,15.7480,7.0866
led,B3,400.000,380.000,15.7480,14.9606
led,B4,400.000,580.000,15.7480,22.8346
led,B5,400.000,780.000,15.7480,30.7087
led,B6,400.000,980.000,15.7480,38.5827
led,B7,400.000,1180.000,15.7480,46.4567
led,B8,400.000,1380.000,15.7480,54.3307
led,B9,400.000,1580.000,15.7480,62.2047
led,B10,400.000,1780.000,15.7480,70.0787
led,B11,400.000,1980.000,15.7480,77.9528
led,B12,400.000,2180.000,15.7480,85.8268
led,C1,600.000,-20.000,23.6220,-0.7874
led,C2,600.000,180.000,23.6220,7.0866
led,C3,600.000,380.000,23.6220,14.9606
led,C4,600.000,580.000,23.6220,22.8346
led,C5,600.000,780.000,23.6220,30.7087
led,C6,600.000,980.000,23.6220,38.5827
led,C7,600.000,1180.000,23.6220,46.4567
led,C8,600.000,1380.000,23.6220,54.3307
led,C9,600.000,1580.000,23.6220,62.2047
led,C10,600.000,1780.000,23.6220,70.0787
led,C11,600.000,1980.000,23.6220,77.9528
led,C12,600.000,2180.000,23.6220,85.8268
led,D1,800.000,-20.000,31.4961,-0.7874
led,D2,800.000,180.000,31.4961,7.0866
led,D3,800.000,380.000,31.4961,14.9606
led,D4,800.000,580.000,31.4961,22.8346
led,D5,800.000,780.000,31.4961,30.7087
led,D6,800.000,980.000,31.4961,38.5827
led,D7,800.000,1180.000,31.4961,46.4567
led,D8,800.000,1380.000,31.4961,54.3307
led,D9,800.000,1580.000,31.4961,62.2047
led,D10,800.000,1780.000,31.4961,70.0787
led,D11,800.000,1980.000,31.4961,77.9528
led,D12,800.000,2180.000,31.4961,85.8268
led,E1,1000.000,-20.000,39.3701,-0.7874
led,E2,1000.000,180.000,39.3701,7.0866
led,E3,1000.000,380.000,39.3701,14.9606
led,E4,1000.000,580.000,39.3701,22.8346
led,E5,1000.000,780.000,39.3701,30.7087
led,E6,1000.000,980.000,39.3701,38.5827
led,E7,1000.000,1180.000,39.3701,46.4567
led,E8,1000.000,1380.000,39.3701,54.3307
led,E9,1000.000,1580.000,39.3701,62.2047
led,E10,1000.000,1780.000,39.3701,70.0787
led,E11,1000.000,1980.000,39.3701,77.9528
led,E12,1000.000,2180.000,39.3701,85.8268
led,F1,1200.000,-20.000,47.2441,-0.7874
led,F2,1200.000,180.000,47.2441,7.0866
led,F3,1200.000,380.000,47.2441,14.9606
led,F4,1200.000,580.000,47.2441,22.8346
led,F5,1200.000,780.000,47.2441,30.7087
led,F6,1200.000,980.000,47.2441,38.5827
led,F7,1200.000,1180.000,47.2441,46.4567
led,F8,1200.000,1380.000,47.2441,54.3307
led,F9,1200.000,1580.000,47.2441,62.2047
led,F10,1200.000,1780.000,47.2441,70.0787
led,F11,1200.000,1980.000,47.2441,77.9528
led,F12,1200.000,2180.000,47.2441,85.8268
led,G1,1400.000,-20.000,55.1181,-0.7874
led,G2,1400.000,180.000,55.1181,7.0866
led,G3,1400.000,380.000,55.1181,14.9606
led,G4,1400.000,580.000,55.1181,22.8346
led,G5,1400.000,780.000,55.1181,30.7087
led,G6,1400.000,980.000,55.1181,38.5827
led,G7,1400.000,1180.000,55.1181,46.4567
led,G8,1400.000,1380.000,55.1181,54.3307
led,G9,1400.000,1580.000,55.1181,62.2047
led,G10,1400.000,1780.000,55.1181,70.0787
led,G11,1400.000,1980.000,55.1181,77.9528
led,G12,1400.000,2180.000,55.1181,85.8268
led,H1,1600.000,-20.000,62.9921,-0.7874
led,H2,1600.000,180.000,62.9921,7.0866
led,H3,1600.000,380.000,62.9921,14.9606
led,H4,1600.000,580.000,62.9921,22.8346
led,H5,1600.000,780.000,62.9921,30.7087
led,H6,1600.000,980.000,62.9921,38.5827
led,H7,1600.000,1180.000,62.9921,46.4567
led,H8,1600.000,1380.000,62.9921,54.3307
led,H9,1600.000,1580.000,62.9921,62.2047
led,H10,1600.000,1780.000,62.9921,70.0787
led,H11,1600.000,1980.000,62.9921,77.9528
led,H12,1600.000,2180.000,62.9921,85.8268
led,I1,1800.000,-20.000,70.8661,-0.7874
led,I2,1800.000,180.000,70.8661,7.0866
led,I3,1800.000,380.000,70.8661,14.9606
led,I4,1800.000,580.000,70.8661,22.8346
led,I5,1800.000,780.000,70.8661,30.7087
led,I6,1800.000,980.000,70.8661,38.5827
led,I7,1800.000,1180.000,70.8661,46.4567
led,I8,1800.000,1380.000,70.8661,54.3307
led,I9,1800.000,1580.000,70.8661,62.2047
led,I10,1800.000,1780.000,70.8661,70.0787
led,I11,1800.000,1980.000,70.8661,77.9528
led,I12,1800.000,2180.000,70.8661,85.8268
led,J1,2000.000,-20.000,78.7402,-0.7874
led,J2,2000.000,180.000,78.7402,7.0866
led,J3,2000.000,380.000,78.7402,14.9606
led,J4,2000.000,580.000,78.7402,22.8346
led,J5,2000.000,780.000,78.7402,30.7087
led,J6,2000.000,980.000,78.7402,38.5827
led,J7,2000.000,1180.000,78.7402,46.4567
led,J8,2000.000,1380.000,78.7402,54.3307
led,J9,2000.000,1580.000,78.7402,62.2047
led,J10,2000.000,1780.000,78.7402,70.0787
led,J11,2000.000,1980.000,78.7402,77.9528
led,J12,2000.000,2180.000,78.7402,85.8268
led,K1,2200.000,-20.000,86.6142,-0.7874
led,K2,2200.000,180.000,86.6142,7.0866
led,K3,2200.000,380.000,86.6142,14.9606
led,K4,2200.000,580.000,86.6142,22.8346
led,K5,2200.000,780.000,86.6142,30.7087
led,K6,2200.000,980.000,86.6142,38.5827
led,K7,2200.000,1180.000,86.6142,46.4567
led,K8,2200.000,1380.000,86.6142,54.3307
led,K9,2200.000,1580.000,86.6142,62.2047
led,K10,2200.000,1780.000,86.6142,70.0787
led,K11,2200.000,1980.000,86.6142,77.9528
led,K12,2200.000,2180.000,86.6142,85.8268
